Painting,Best_Matching_Poem_ID,Score,Matching_Objects
57727630edc2cb3880d0acaf.jpg,141,1.0986,background
577286c8edc2cb3880056432.jpg,,0.0,
57727699edc2cb3880d1f809.jpg,,0.0,
57727031edc2cb3880bd1598.jpg,327,3.8022,"background, flooring"
57727435edc2cb3880cb0859.jpg,141,0.6862,background
577278cfedc2cb3880d93a9e.jpg,4060,1.3863,"background, food"
577282b9edc2cb3880f8a894.jpg,327,3.3384,"background, flooring"
577270a3edc2cb3880bedcbd.jpg,,0.0,
577286ceedc2cb3880056f1b.jpg,1352,2.2562,"background, building, hill"
57727307edc2cb3880c746c7.jpg,327,6.2243,"background, blanket, dirt, sand"
57727e33edc2cb3880ea3ff9.jpg,416,2.2055,"background, road"
57727c4bedc2cb3880e413b5.jpg,40,0.6377,gravel
57727023edc2cb3880bcfefa.jpg,141,3.3271,background
57728496edc2cb3880fe6a67.jpg,,0.0,
57727db0edc2cb3880e877dd.jpg,327,3.132,"background, blanket, dirt"
57727634edc2cb3880d0b22a.jpg,,0.0,
577281caedc2cb3880f59ad8.jpg,327,1.7502,"background, flooring"
57726edcedc2cb3880b89e6c.jpg,,0.0,
57727aaaedc2cb3880df2c69.jpg,327,4.0783,"background, blanket"
57728649edc2cb388003a757.jpg,141,1.0876,background
577270e8edc2cb3880bfa325.jpg,,0.0,
577270a4edc2cb3880bede8d.jpg,745,1.0259,"curtain, grass"
5772842dedc2cb3880fd1d97.jpg,6,0.9843,flooring
57727cb9edc2cb3880e56005.jpg,327,4.5474,"background, blanket, dirt, hill"
57728377edc2cb3880fab2d0.jpg,141,0.6862,background
57726ef9edc2cb3880b9280e.jpg,1352,2.8848,"background, building, gravel"
57728209edc2cb3880f64546.jpg,2978,2.0408,"gravel, hill, house, sand"
57727564edc2cb3880ce1644.jpg,1352,3.5037,"background, desk"
57728649edc2cb388003a6b3.jpg,,0.0,
57727d0aedc2cb3880e6840b.jpg,3318,6.9486,"blanket, bridge, desk, dirt, sand"
57727d71edc2cb3880e7c599.jpg,1352,1.8091,"background, desk"
57728ad8edc2cb3880125a8d.jpg,1352,3.8105,"background, curtain, gravel"
587cf645edc2c9546c0d0c0e.jpg,141,0.6862,background
57727e35edc2cb3880ea430e.jpg,327,1.3378,"background, flooring"
57727564edc2cb3880ce16c4.jpg,1352,2.0794,"background, curtain"
57727022edc2cb3880bcfc78.jpg,,0.0,
57727dafedc2cb3880e8772d.jpg,141,1.7559,background
57727018edc2cb3880bcf00a.jpg,1352,0.8318,"background, gravel"
57727d0aedc2cb3880e683bb.jpg,1352,2.6391,"background, desk"
57726f84edc2cb3880bb11bd.jpg,912,1.116,"curtain, field"
57728600edc2cb388002e188.jpg,141,2.4849,background
57728ad8edc2cb3880125b5d.jpg,141,1.3863,background
57727696edc2cb3880d1f3d9.jpg,141,1.368,background
577281c5edc2cb3880f5944e.jpg,1352,4.8853,"background, curtain, desk, toilet"
577278deedc2cb3880d95010.jpg,141,0.6238,background
5772839bedc2cb3880fb3e41.jpg,,0.0,
57727cd1edc2cb3880e5de05.jpg,1352,1.7918,"background, toilet"
57727e81edc2cb3880eb0a26.jpg,141,0.6931,background
57726e20edc2cb3880b60185.jpg,1215,3.0064,"background, blanket, grass"
577270f2edc2cb3880bfb423.jpg,141,1.3447,background
57726e1aedc2cb3880b5f7a5.jpg,4060,1.5225,"background, food"
57728a95edc2cb38801198e7.jpg,4060,1.7571,"background, food"
57727030edc2cb3880bd13f6.jpg,294,1.1021,"background, dirt"
57727025edc2cb3880bd015a.jpg,141,3.1545,background
57726e16edc2cb3880b5f175.jpg,141,0.6931,background
57727551edc2cb3880ce05e0.jpg,141,2.0723,background
577289cfedc2cb38800f0b1d.jpg,117,2.4117,"bridge, sidewalk"
577286abedc2cb388004e65c.jpg,4347,3.4311,"refrigerator, toilet"
57728394edc2cb3880fb32da.jpg,141,0.6931,background
577272feedc2cb3880c738f3.jpg,20,0.802,bush
5772866cedc2cb3880042ed3.jpg,1352,3.6819,"background, toilet"
57726ef9edc2cb3880b9275b.jpg,327,2.4399,"background, ceiling, floor"
577281c5edc2cb3880f593be.jpg,1352,2.2957,"background, curtain"
57726e21edc2cb3880b60386.jpg,,0.0,
5a4cf424edc2c900bcea7e1b.jpg,0,1.8838,"blanket, branch"
577278b1edc2cb3880d8b678.jpg,141,0.6931,background
57726e34edc2cb3880b62370.jpg,4060,1.3516,"background, food"
57728501edc2cb3880ffb43e.jpg,,0.0,
577271d8edc2cb3880c2edf6.jpg,141,2.6916,background
57727016edc2cb3880bcebd8.jpg,141,0.6931,background
57726ef1edc2cb3880b8c046.jpg,141,1.0986,background
57728395edc2cb3880fb359c.jpg,1352,1.9775,"background, desk"
577288e7edc2cb38800bedac.jpg,141,0.6446,background
5772866bedc2cb3880042e93.jpg,141,2.7081,background
577287cbedc2cb38800829d1.jpg,141,1.3863,background
57728562edc2cb388000f4ca.jpg,20,1.2554,bush
57727f45edc2cb3880ed8214.jpg,,0.0,
577274e8edc2cb3880cce6cf.jpg,,0.0,
57727028edc2cb3880bd078a.jpg,141,1.907,background
57728a54edc2cb38801085b2.jpg,141,0.6931,background
57728947edc2cb38800d343a.jpg,141,0.6931,background
57728497edc2cb3880fe6be1.jpg,,0.0,
57726e35edc2cb3880b625b6.jpg,4060,1.3724,"background, food"
5772837fedc2cb3880fabf44.jpg,141,3.0445,background
577281a7edc2cb3880f51211.jpg,141,1.0986,background
57726ea6edc2cb3880b7e812.jpg,416,1.7571,"background, road"
577272d5edc2cb3880c69912.jpg,327,1.3447,"background, blanket"
577286cbedc2cb38800569df.jpg,141,0.4921,background
57726e19edc2cb3880b5f6f5.jpg,1352,2.7379,"background, building, desk, gravel"
577281abedc2cb3880f515b0.jpg,,0.0,
57728081edc2cb3880f151df.jpg,294,1.7698,"background, fence"
5772750bedc2cb3880cd7301.jpg,1352,3.249,"background, curtain, flooring"
577284acedc2cb3880fe8951.jpg,141,0.3674,background
57728415edc2cb3880fca485.jpg,141,0.5961,background
5772867bedc2cb38800447ba.jpg,141,0.5337,background
57726e17edc2cb3880b5f298.jpg,294,2.5628,"background, hill"
57727756edc2cb3880d45f1d.jpg,3779,1.8368,"background, cage, desk"
577283a1edc2cb3880fb4737.jpg,327,4.2922,"background, blanket, dirt"
57728744edc2cb388006c92c.jpg,,0.0,
57726f77edc2cb3880baa4c5.jpg,1352,4.5075,"background, desk"
57727a6cedc2cb3880de7473.jpg,327,2.3879,"background, blanket"
57727fbbedc2cb3880eed035.jpg,41,0.6654,desk
57727fa5edc2cb3880eeae36.jpg,,0.0,
57727562edc2cb3880ce1404.jpg,141,1.0986,background
57728375edc2cb3880faafd0.jpg,,0.0,
577278b0edc2cb3880d8b4fe.jpg,141,0.6931,background
588d45b4edc2c9b47c37b6f1.jpg,327,2.3393,"background, blanket"
57728144edc2cb3880f3d2a1.jpg,141,0.6654,background
593467a4edc2c9b408c15286.jpg,327,1.3239,"background, blanket"
57727fdcedc2cb3880ef5080.jpg,327,2.4213,"background, blanket"
57727800edc2cb3880d64d2d.jpg,,0.0,
57727c8fedc2cb3880e4c960.jpg,,0.0,
577281c5edc2cb3880f594fe.jpg,2191,3.2438,"background, door"
57727b78edc2cb3880e18f04.jpg,4439,1.109,"curtain, refrigerator"
57727017edc2cb3880bcee2a.jpg,294,1.3031,"background, dirt"
57727efbedc2cb3880ecc31e.jpg,327,2.6327,"background, blanket"
577277d2edc2cb3880d5ac3d.jpg,2191,1.4452,"background, door"
577278b1edc2cb3880d8b558.jpg,1352,1.3724,"background, gravel"
57726f83edc2cb3880bb115d.jpg,141,1.0986,background
5772846eedc2cb3880fdd965.jpg,11,0.5753,lake
57728a4bedc2cb3880107797.jpg,141,1.0986,background
57727cb9edc2cb3880e560b7.jpg,141,2.0171,background
577286ddedc2cb3880058192.jpg,40,0.6862,gravel
57727f2dedc2cb3880ed5fa9.jpg,4702,3.5156,"branch, building, bush, dirt, gravel"
59ae59a9edc2c9cdd87cc189.jpg,4060,2.1972,"background, food"
577276b0edc2cb3880d27165.jpg,1352,1.2162,"background, curtain"
57727ca4edc2cb3880e54008.jpg,4347,1.0397,"blanket, cardboard"
57727e10edc2cb3880e9b02d.jpg,,0.0,
57727c5bedc2cb3880e42ab4.jpg,141,1.1922,background
57727e83edc2cb3880eb0ddb.jpg,141,1.5947,background
577281c3edc2cb3880f59050.jpg,141,1.0766,background
577281c1edc2cb3880f58e30.jpg,327,4.2524,"background, blanket, dirt"
57728a37edc2cb3880105a56.jpg,141,1.2893,background
577275a7edc2cb3880ced250.jpg,2191,4.6345,"background, door"
577278baedc2cb3880d8c36c.jpg,416,1.6462,"background, road"
5772831aedc2cb3880f9ebcf.jpg,141,1.4968,background
577275e6edc2cb3880cf8b29.jpg,141,2.0379,background
57728218edc2cb3880f6b05e.jpg,141,1.3863,background
5772857fedc2cb3880012104.jpg,,0.0,
57728253edc2cb3880f760a5.jpg,4060,1.3378,"background, food"
57726f76edc2cb3880baa2cf.jpg,822,1.1853,"desk, food"
57728629edc2cb388003759f.jpg,92,0.4852,banner
57727c73edc2cb3880e49fee.jpg,2353,1.9477,"bridge, gravel, pavement"
57728965edc2cb38800dbaf8.jpg,19,0.6931,sidewalk
577270a4edc2cb3880beddbd.jpg,92,0.7251,banner
5954fa32edc2c93644c38f1b.jpg,1352,4.3617,"background, desk"
57727ca6edc2cb3880e54252.jpg,3779,6.4623,"background, desk, door"
57728a0dedc2cb38800fc320.jpg,2191,2.4017,"background, door"
577271d9edc2cb3880c2ef66.jpg,141,2.8904,background
57727669edc2cb3880d1573f.jpg,327,4.3939,"background, blanket, dirt, hill, sand"
57727696edc2cb3880d1f359.jpg,1352,3.133,"background, desk, gravel"
57727334edc2cb3880c7ea9a.jpg,327,9.2834,"background, blanket, flooring, hill, sand"
57726f33edc2cb3880b9dfb3.jpg,141,1.2477,background
57728955edc2cb38800d4b93.jpg,327,2.2704,"background, flooring"
57727759edc2cb3880d461ff.jpg,1106,1.1576,"background, cage"
577288e2edc2cb38800be4a0.jpg,141,0.6862,background
57728143edc2cb3880f3d1d1.jpg,1352,1.9269,"background, desk"
57727de7edc2cb3880e91f26.jpg,2191,2.7601,"background, branch"
57728562edc2cb388000f4da.jpg,,0.0,
5a5da69dedc2c973d42ff2ee.jpg,41,0.6931,desk
5772866fedc2cb388004339f.jpg,,0.0,
57727e13edc2cb3880e9b45b.jpg,,0.0,
57727af3edc2cb3880e04523.jpg,20,0.6931,door
587cf1fdedc2c9546c04aabd.jpg,1352,4.0558,"background, gravel, road"
57728123edc2cb3880f39ebd.jpg,141,0.6931,background
57727990edc2cb3880dbc91a.jpg,1352,2.0448,"background, toilet"
57727d6fedc2cb3880e7c361.jpg,327,1.3655,"background, blanket"
5772794bedc2cb3880daae26.jpg,141,1.7918,background
5772867cedc2cb38800448ac.jpg,1352,5.8641,"background, curtain, desk, field"
57726f83edc2cb3880bb117d.jpg,141,1.0876,background
57728948edc2cb38800d357a.jpg,141,0.6931,background
57728143edc2cb3880f3d1c1.jpg,20,0.9668,bush
596f9062edc2c953f4a9cdf5.jpg,,0.0,
577281a5edc2cb3880f5101f.jpg,141,2.5649,background
577286caedc2cb3880056869.jpg,141,0.61,background
5772798eedc2cb3880dbc5c2.jpg,141,0.4644,background
57728984edc2cb38800de884.jpg,,0.0,
57726ef9edc2cb3880b9278e.jpg,141,0.6931,background
57728143edc2cb3880f3d1b1.jpg,1352,1.6636,"background, building, road"
577281a5edc2cb3880f50ebb.jpg,,0.0,
57728393edc2cb3880fb31a8.jpg,327,4.4721,"background, blanket, dirt, hill, sand"
57728649edc2cb388003a837.jpg,141,1.0766,background
57728223edc2cb3880f6bf27.jpg,141,1.9459,background
57727a06edc2cb3880dd2d61.jpg,2057,1.3308,"bush, sidewalk"
57726e7eedc2cb3880b74b0a.jpg,141,0.6931,background
577284a1edc2cb3880fe7753.jpg,,0.0,
57726e34edc2cb3880b62340.jpg,141,0.6931,background
577278e1edc2cb3880d95432.jpg,1106,2.1209,"background, cage, pole"
57727301edc2cb3880c73de3.jpg,141,1.9459,background
577283cdedc2cb3880fbdd74.jpg,,0.0,
577288a5edc2cb38800b2ed2.jpg,141,1.0986,background
57727760edc2cb3880d467bd.jpg,141,0.6931,background
57727c1bedc2cb3880e379f8.jpg,327,2.6408,"background, floor"
57728415edc2cb3880fca4a5.jpg,853,1.9538,"background, grass"
57727d4eedc2cb3880e73cda.jpg,141,2.3499,background
57727a11edc2cb3880dd3d83.jpg,327,6.2368,"background, blanket, dirt, hill, sand"
57726f4cedc2cb3880ba07ed.jpg,20,1.1784,bush
57728736edc2cb388006b3a6.jpg,,0.0,
577270a4edc2cb3880bede3d.jpg,,0.0,
5772774dedc2cb3880d4552f.jpg,141,1.907,background
577285e5edc2cb3880026567.jpg,2191,3.1118,"background, door"
57728297edc2cb3880f81f5b.jpg,853,3.8769,"background, grass"
577284f5edc2cb3880ffa16a.jpg,141,0.6931,background
57727e18edc2cb3880e9bbf3.jpg,,0.0,
57728415edc2cb3880fca3d5.jpg,141,0.6862,background
577287afedc2cb388007fc5b.jpg,,0.0,
57727ec8edc2cb3880ec22bc.jpg,141,1.3447,background
57728396edc2cb3880fb360c.jpg,141,0.6654,background
57727022edc2cb3880bcfca8.jpg,,0.0,
577285e5edc2cb3880026485.jpg,141,0.6862,background
577279c7edc2cb3880dc742a.jpg,,0.0,
577284f8edc2cb3880ffa6c2.jpg,,0.0,
57727ffbedc2cb3880efd679.jpg,,0.0,
57728395edc2cb3880fb355c.jpg,141,0.6931,background
5772825cedc2cb3880f76c00.jpg,294,1.5422,"background, house"
57728aceedc2cb38801248fd.jpg,327,3.0685,"background, blanket"
57728223edc2cb3880f6bf67.jpg,1352,2.1862,"background, curtain"
57727ab7edc2cb3880df987a.jpg,2191,4.1368,"background, door"
57728006edc2cb3880efe5d1.jpg,1,0.6931,hill
5772857bedc2cb3880011b30.jpg,141,1.0986,background
57728478edc2cb3880fde8d1.jpg,141,0.6931,background
57726f0cedc2cb3880b945e5.jpg,141,1.3863,background
577277cbedc2cb3880d5a02b.jpg,1352,1.8854,"background, building, gravel"
57728335edc2cb3880fa1765.jpg,,0.0,
57727d39edc2cb3880e71c6c.jpg,4060,1.3863,"background, food"
577284e0edc2cb3880ff2caa.jpg,141,2.2796,background
5772860bedc2cb388002f1d9.jpg,,0.0,
57726e35edc2cb3880b624b8.jpg,4060,2.2679,"background, food"
5772846eedc2cb3880fdda75.jpg,2978,1.0051,"banner, dirt"
57726e38edc2cb3880b62a67.jpg,327,1.1784,"background, river"
57727029edc2cb3880bd081a.jpg,4060,2.9896,"background, food"
577287e4edc2cb388008a853.jpg,141,0.6793,background
57727d86edc2cb3880e7e4a0.jpg,1352,2.0609,"background, gravel, road"
57727fadedc2cb3880eebc1e.jpg,41,1.2893,desk
57728133edc2cb3880f3b7ec.jpg,416,1.6428,"background, road"
57727cd5edc2cb3880e5e21b.jpg,294,1.1229,"background, field"
577285c1edc2cb388002314d.jpg,141,3.4311,background
5772842cedc2cb3880fd1bd7.jpg,179,1.1922,"gravel, pavement"
57728a54edc2cb3880108612.jpg,416,3.152,"background, road, sky"
57727d3eedc2cb3880e72395.jpg,53,1.3863,toilet
577278cdedc2cb3880d93786.jpg,896,2.5092,"building, bush, gravel"
58d2ef9bedc2c99878a544f4.jpg,,0.0,
5772798fedc2cb3880dbc6a0.jpg,1352,1.4512,"background, gravel"
577276bfedc2cb3880d28492.jpg,41,3.3653,desk
596e1177edc2c9b5a892856b.jpg,50,0.4991,cage
57727802edc2cb3880d64fcf.jpg,327,1.9755,"background, blanket"
5772845fedc2cb3880fdc0e9.jpg,,0.0,
57727de7edc2cb3880e91fd9.jpg,141,0.6931,background
57727f44edc2cb3880ed8062.jpg,41,0.6931,desk
57726ff1edc2cb3880bc543b.jpg,141,0.6931,background
57726e92edc2cb3880b76d02.jpg,19,0.6862,sidewalk
5907058fedc2c962e0bdae25.jpg,,0.0,
57727d1dedc2cb3880e6a02e.jpg,1352,1.7398,"background, building, gravel"
57727ee6edc2cb3880ec4dac.jpg,,0.0,
57727d68edc2cb3880e7bbd0.jpg,141,0.5684,background
57726f93edc2cb3880bb1ffb.jpg,141,2.8332,background
57728295edc2cb3880f81d19.jpg,1352,5.7337,"background, curtain"
57728396edc2cb3880fb35cc.jpg,141,0.6931,background
57727f79edc2cb3880ee0f61.jpg,,0.0,
57726f11edc2cb3880b94df9.jpg,1554,1.0986,refrigerator
577287c4edc2cb3880081d4b.jpg,853,0.9288,"background, grass"
57726ea7edc2cb3880b7e98b.jpg,416,1.3655,"background, road"
59b2901eedc2caeb043310da.jpg,141,2.6127,background
5772765bedc2cb3880d146a4.jpg,2191,3.4657,"background, door"
57727f49edc2cb3880ed8882.jpg,,0.0,
57728a61edc2cb388010ef81.jpg,21,0.4852,food
57727f92edc2cb3880ee392c.jpg,1352,1.3308,"background, curtain"
577289d6edc2cb38800f1756.jpg,2191,2.6047,"background, door"
57726e49edc2cb3880b69d4f.jpg,141,3.3336,background
57728400edc2cb3880fc8331.jpg,,0.0,
57727d70edc2cb3880e7c4e9.jpg,,0.0,
57728225edc2cb3880f6c23d.jpg,,0.0,
5772881aedc2cb38800955c9.jpg,141,1.0986,background
57728ac8edc2cb3880123f3e.jpg,1387,1.2199,"sidewalk, sink"
577280caedc2cb3880f26d05.jpg,3081,1.3863,"background, snow"
577286deedc2cb3880058258.jpg,,0.0,
57726e1fedc2cb3880b5ffce.jpg,141,0.4159,background
57727d1dedc2cb3880e69f6e.jpg,141,1.0986,background
577288e2edc2cb38800be4d0.jpg,,0.0,
57728468edc2cb3880fdd007.jpg,,0.0,
57727ca6edc2cb3880e542d2.jpg,1352,6.3726,"background, curtain, desk"
577275ceedc2cb3880cf655e.jpg,,0.0,
57726e50edc2cb3880b6a78a.jpg,4060,1.3794,"background, food"
57727e18edc2cb3880e9bbe1.jpg,,0.0,
57728a53edc2cb3880108562.jpg,1352,4.2143,"background, curtain, road"
57728595edc2cb38800194bc.jpg,40,0.5614,gravel
577282b9edc2cb3880f8a86c.jpg,327,4.6952,"background, dirt, hill, sand"
577285a9edc2cb388001b4b3.jpg,1554,0.61,refrigerator
577277c2edc2cb3880d59281.jpg,4060,1.0536,"background, food"
57728759edc2cb388006daca.jpg,40,0.6724,gravel
57727ab7edc2cb3880df97fa.jpg,141,2.024,"background, building"
57728984edc2cb38800de804.jpg,1352,2.1862,"background, gravel"
57727d70edc2cb3880e7c4a3.jpg,141,0.6931,background
577281c8edc2cb3880f5987c.jpg,141,1.0876,background
57726e25edc2cb3880b60a8b.jpg,294,2.0204,"background, dirt, hill"
577277fcedc2cb3880d646d5.jpg,1352,3.1781,"background, desk"
5772756bedc2cb3880ce1d44.jpg,1352,2.9632,"background, curtain, road"
591706d5edc2cc64a4ca7032.jpg,6,0.5129,flooring
57727f7bedc2cb3880ee1333.jpg,,0.0,
5772883dedc2cb388009e2ed.jpg,1352,1.2893,"background, gravel"
57728781edc2cb3880075e70.jpg,,0.0,
5772774fedc2cb3880d4580b.jpg,141,1.0986,background
577280cbedc2cb3880f26e45.jpg,853,2.4421,"background, lake"
577286c5edc2cb38800560ad.jpg,221,0.3466,fog
5772850cedc2cb3880ffc49b.jpg,4347,2.4295,"refrigerator, sidewalk, toilet"
57727d0bedc2cb3880e6856b.jpg,327,2.0656,"background, flooring"
57727a0fedc2cb3880dd3a49.jpg,1352,2.0794,"background, desk"
57728709edc2cb3880061955.jpg,141,0.6862,background
577281a5edc2cb3880f50f9b.jpg,,0.0,
57727da7edc2cb3880e86aec.jpg,1352,2.456,"background, curtain, flooring"
585d2758edc2c93bbccdc0be.jpg,221,0.4921,fog
57726ff3edc2cb3880bc56b7.jpg,141,0.6862,background
57728945edc2cb38800d30f4.jpg,141,0.6862,background
5772755eedc2cb3880ce0e82.jpg,141,2.7748,background
577283a1edc2cb3880fb4727.jpg,3779,2.5716,"background, desk, door"
577271d2edc2cb3880c2e307.jpg,141,0.6862,background
57727259edc2cb3880c4cb0a.jpg,327,2.2957,"background, flooring"
5772786cedc2cb3880d7f869.jpg,141,0.6931,background
5772867cedc2cb38800448cc.jpg,141,3.2958,background
589c5342edc2cd40d4ab550b.jpg,141,1.3863,background
57727637edc2cb3880d0b610.jpg,,0.0,
57727e84edc2cb3880eb0f01.jpg,294,1.8299,"background, hill"
57727d40edc2cb3880e72749.jpg,327,2.5092,"background, blanket, house"
57728136edc2cb3880f3bbd5.jpg,141,0.6931,background
57727e01edc2cb3880e99c27.jpg,1352,1.3863,"background, gravel"
577286fcedc2cb3880060597.jpg,141,0.6931,background
577275c9edc2cb3880cf5c9c.jpg,,0.0,
57726ecfedc2cb3880b8890f.jpg,327,2.3716,"background, river"
57727601edc2cb3880d00ef4.jpg,1,1.3724,house
57727cbaedc2cb3880e561e7.jpg,327,5.3381,"background, dirt, hill, sand"
57727fdbedc2cb3880ef4f7e.jpg,327,3.1781,"background, floor, hill"
57726f0aedc2cb3880b94295.jpg,1352,2.3531,"background, desk"
57727800edc2cb3880d64c8f.jpg,141,0.6169,background
5772837dedc2cb3880fabbc2.jpg,,0.0,
577280fcedc2cb3880f30f41.jpg,22,0.6238,dirt
57726e43edc2cb3880b694c1.jpg,954,2.5213,"background, mountain"
57727d70edc2cb3880e7c529.jpg,1352,3.6587,"background, desk"
57727e81edc2cb3880eb0b16.jpg,141,1.6094,background
57728468edc2cb3880fdcff7.jpg,141,0.6169,background
57727016edc2cb3880bcec98.jpg,294,2.1551,"background, house"
577275e5edc2cb3880cf8969.jpg,141,0.6931,background
5772857aedc2cb38800119ae.jpg,2191,5.4309,"background, door"
57728738edc2cb388006b84e.jpg,,0.0,
57727f8fedc2cb3880ee33c6.jpg,141,1.7738,background
577287c9edc2cb388008256b.jpg,,0.0,
57727ca6edc2cb3880e54242.jpg,3779,6.8936,"background, desk, door"
57727b73edc2cb3880e18b92.jpg,,0.0,
5772855fedc2cb388000f114.jpg,,0.0,
57727d75edc2cb3880e7ccde.jpg,1352,3.7995,"background, desk"
577288e7edc2cb38800bed7c.jpg,2191,1.7814,"background, door"
577281f5edc2cb3880f62505.jpg,1387,1.1991,"sidewalk, sink"
57728460edc2cb3880fdc119.jpg,179,3.1867,"building, gravel"
577280dcedc2cb3880f288fe.jpg,,0.0,
57727023edc2cb3880bcfe9a.jpg,141,2.1753,background
57727ffdedc2cb3880efd8a9.jpg,141,2.9799,"background, building"
57728618edc2cb388003087d.jpg,,0.0,
57728784edc2cb3880076452.jpg,1352,2.7081,"background, desk"
577279d2edc2cb3880dc86f2.jpg,53,0.6793,toilet
57728947edc2cb38800d345a.jpg,141,0.6931,background
5772832eedc2cb3880fa0aff.jpg,141,0.6862,background
58c6237dedc2c9c7dc0de198.jpg,141,1.3863,background
5772837fedc2cb3880fabf59.jpg,327,3.4855,"background, blanket"
577285aaedc2cb388001b705.jpg,2191,1.764,"background, branch"
577278e7edc2cb3880d95da8.jpg,141,1.0986,background
577286a9edc2cb388004e37a.jpg,416,3.7493,"background, road"
5772821bedc2cb3880f6b354.jpg,20,0.8459,bush
57727bbfedc2cb3880e24d0e.jpg,4060,1.3863,"background, food"
57726e50edc2cb3880b6a820.jpg,141,0.6931,background
577281eeedc2cb3880f61abb.jpg,,0.0,
577287d9edc2cb38800895a7.jpg,,0.0,
57727692edc2cb3880d1ed75.jpg,141,0.6931,background
58667c95edc2cd757c430d56.jpg,141,1.0217,background
57727652edc2cb3880d1390e.jpg,4060,2.7878,"background, food"
57727015edc2cb3880bceb08.jpg,1352,1.213,"background, gravel"
57727e57edc2cb3880ea75ca.jpg,141,3.3672,background
57727a9aedc2cb3880df183d.jpg,327,2.4607,"background, blanket, hill"
57727449edc2cb3880cb837b.jpg,141,1.1922,background
57727e35edc2cb3880ea42ee.jpg,141,1.6094,background
57728a75edc2cb3880110f91.jpg,327,1.7738,"background, flooring"
577289a9edc2cb38800e795e.jpg,2057,2.5931,"refrigerator, sidewalk"
57728948edc2cb38800d353a.jpg,,0.0,
587cf645edc2c9546c0d0c08.jpg,327,4.3498,"background, sand"
57728952edc2cb38800d46d8.jpg,,0.0,
57728568edc2cb388000ff00.jpg,1554,1.3863,refrigerator
5772785bedc2cb3880d78461.jpg,141,0.6724,background
5772866fedc2cb38800433df.jpg,,0.0,
577275e4edc2cb3880cf87e7.jpg,1352,1.0813,"background, desk"
577283cfedc2cb3880fbe0b8.jpg,331,1.4596,"cage, dirt"
577284ddedc2cb3880ff2754.jpg,141,0.6931,background
57728228edc2cb3880f6c655.jpg,141,0.6931,background
577281f4edc2cb3880f62371.jpg,6,1.0327,flooring
577286d7edc2cb3880057746.jpg,,0.0,
5954fa31edc2c93644c38cdc.jpg,3779,1.6843,"background, cardboard"
57728424edc2cb3880fcf530.jpg,,0.0,
57727024edc2cb3880bcffda.jpg,141,1.0986,background
57726f0dedc2cb3880b946e5.jpg,327,1.7779,"background, blanket"
57727ce4edc2cb3880e5f8ba.jpg,1352,1.3308,"background, toilet"
57728395edc2cb3880fb354c.jpg,141,0.6931,background
57728742edc2cb388006c648.jpg,,0.0,
57727d70edc2cb3880e7c4c7.jpg,141,0.4852,background
57726f47edc2cb3880b9ffaf.jpg,141,1.0986,background
57727cb9edc2cb3880e56095.jpg,1215,6.0653,"background, blanket, cloud, grass"
58aae502edc2c923e4650705.jpg,2191,3.3232,"background, door"
577283ceedc2cb3880fbdea4.jpg,,0.0,
57727ffeedc2cb3880efda99.jpg,,0.0,
5772797dedc2cb3880db5504.jpg,327,3.5524,"background, dirt, sand"
57727c27edc2cb3880e38d0d.jpg,327,1.7502,"background, sand"
57727019edc2cb3880bcf01a.jpg,4060,0.9496,"background, food"
57727071edc2cb3880be3253.jpg,141,0.6724,background
577276e9edc2cb3880d31a1d.jpg,141,2.3979,background
57727e3bedc2cb3880ea4d14.jpg,3779,4.235,"background, desk, door"
57727cb7edc2cb3880e55d8f.jpg,327,2.8725,"background, blanket"
5772877cedc2cb38800756b7.jpg,141,0.4228,background
57728649edc2cb388003a7a7.jpg,141,0.6931,background
577281caedc2cb3880f59ae8.jpg,294,1.2615,"background, cloud"
577284aeedc2cb3880fe8c67.jpg,294,3.208,"background, cloud"
57728395edc2cb3880fb352c.jpg,141,1.0327,background
57727d75edc2cb3880e7cd7e.jpg,1554,0.9668,refrigerator
577288e6edc2cb38800bec9c.jpg,20,0.6724,door
57726ea9edc2cb3880b7ee15.jpg,141,2.1313,"background, building"
57727e85edc2cb3880eb1121.jpg,327,2.7534,"background, blanket, dirt"
577287d9edc2cb3880089557.jpg,327,1.2269,"background, flooring"
577275a5edc2cb3880cece06.jpg,141,0.6931,background
5772839bedc2cb3880fb3e11.jpg,,0.0,
577271fcedc2cb3880c381da.jpg,4060,1.7669,"background, food"
5772867bedc2cb388004473a.jpg,141,1.109,background
57727015edc2cb3880bcea64.jpg,1352,1.3516,"background, gravel"
57727a9bedc2cb3880df1a3d.jpg,2353,3.8296,"blanket, bridge, gravel"
57728a95edc2cb388011982a.jpg,1352,1.3586,"background, desk"
57726f73edc2cb3880ba9ed3.jpg,12,0.603,grass
5772847bedc2cb3880fdede7.jpg,2191,4.3514,"background, door"
57727c95edc2cb3880e4d1d4.jpg,141,1.7918,background
57727aabedc2cb3880df2ec9.jpg,141,0.5892,background
5954fa34edc2c93644c3915a.jpg,1352,3.7377,"background, toilet"
577284fbedc2cb3880ffaa84.jpg,41,0.603,desk
5772845eedc2cb3880fdbf39.jpg,294,1.3862,"background, dirt"
57728a95edc2cb388011984c.jpg,1352,2.6861,"background, gravel"
57726f11edc2cb3880b94cf6.jpg,1554,1.7918,refrigerator
577280d9edc2cb3880f284d2.jpg,,0.0,
577270e8edc2cb3880bfa395.jpg,141,0.4783,background
57728aceedc2cb388012484b.jpg,20,2.1972,door
5772820aedc2cb3880f647bc.jpg,1,0.4713,hill
577286ceedc2cb3880056e67.jpg,520,0.4228,cardboard
57726e40edc2cb3880b690dd.jpg,4060,1.7848,"background, food"
57726efaedc2cb3880b92a04.jpg,141,1.3863,background
57726f0cedc2cb3880b945a5.jpg,327,2.0309,"background, blanket"
577287c8edc2cb388008249b.jpg,141,0.6654,background
5772832fedc2cb3880fa0ccf.jpg,294,1.1645,"background, dirt"
5772848cedc2cb3880fe5c3f.jpg,141,2.4624,background
57727904edc2cb3880d9e27e.jpg,1352,3.2958,"background, desk"
57726f4eedc2cb3880ba09ad.jpg,141,0.6931,background
57728a18edc2cb38800fd52d.jpg,141,0.6931,background
577289e5edc2cb38800f30df.jpg,50,1.7629,"bed, door"
57727903edc2cb3880d9e116.jpg,1106,1.6589,"background, cage"
57727e80edc2cb3880eb08c6.jpg,21,0.4713,food
577280f3edc2cb3880f30270.jpg,,0.0,
57727f46edc2cb3880ed8224.jpg,41,1.0986,desk
57727150edc2cb3880c106e2.jpg,141,2.9444,background
5772785dedc2cb3880d787c9.jpg,,0.0,
577270e9edc2cb3880bfa495.jpg,,0.0,
57727ee6edc2cb3880ec4ed4.jpg,,0.0,
57728267edc2cb3880f77edd.jpg,327,1.2477,"background, cloth"
5772837eedc2cb3880fabd62.jpg,2191,1.9226,"background, door"
577284e2edc2cb3880ff2f1e.jpg,,0.0,
5772774fedc2cb3880d4590b.jpg,141,1.0766,background
57728401edc2cb3880fc8413.jpg,327,2.7081,"background, flooring"
58666b64edc2cd757c151ce3.jpg,141,0.3604,background
57727fb9edc2cb3880eecc71.jpg,,0.0,
57728a68edc2cb388010f905.jpg,2353,3.0477,"bridge, gravel, pavement"
5772843bedc2cb3880fd334d.jpg,,0.0,
577288a6edc2cb38800b2f89.jpg,141,0.6931,background
577281c5edc2cb3880f593fe.jpg,1554,1.3863,refrigerator
57727e10edc2cb3880e9b01b.jpg,,0.0,
57726eceedc2cb3880b885df.jpg,20,0.9558,bush
5772886dedc2cb38800a8370.jpg,4060,3.0663,"background, building, food"
57a2eedaedc2c92150bf041e.jpg,12,0.802,grass
5772839bedc2cb3880fb3e71.jpg,,0.0,
577273c5edc2cb3880c9c27d.jpg,,0.0,
57727e14edc2cb3880e9b665.jpg,,0.0,
5772850bedc2cb3880ffc327.jpg,294,2.6009,"background, dirt"
5772700eedc2cb3880bc828e.jpg,294,1.213,"background, fence"
57728230edc2cb3880f6d38d.jpg,40,0.6931,gravel
57727d76edc2cb3880e7cdae.jpg,1352,4.1169,"background, desk"
5772831cedc2cb3880f9efa3.jpg,141,0.8872,background
57726f58edc2cb3880ba7503.jpg,954,3.5295,"background, mountain"
57727f06edc2cb3880ecd324.jpg,,0.0,
57727bb9edc2cb3880e243c5.jpg,1352,3.2581,"background, toilet"
57727028edc2cb3880bd06da.jpg,141,1.0876,background
57727e33edc2cb3880ea40a9.jpg,327,2.7691,"background, dirt, flooring"
57726efeedc2cb3880b92f28.jpg,3779,2.165,"background, desk, door"
57727268edc2cb3880c4e163.jpg,141,1.9265,background
57726e47edc2cb3880b699f7.jpg,,0.0,
577284a3edc2cb3880fe7a97.jpg,,0.0,
57728400edc2cb3880fc8383.jpg,327,2.9126,"background, blanket, flooring"
57726e21edc2cb3880b603e5.jpg,141,0.402,background
5772850aedc2cb3880ffc307.jpg,141,3.0445,background
577288e7edc2cb38800becfc.jpg,1352,3.9035,"background, toilet"
57728400edc2cb3880fc83f3.jpg,416,1.6878,"background, road"
57727d39edc2cb3880e71c30.jpg,88,1.2407,"flower, food"
577282e6edc2cb3880f940ae.jpg,3310,4.4309,"background, door, road"
57728503edc2cb3880ffb886.jpg,,0.0,
57727fa9edc2cb3880eeb594.jpg,1554,0.5337,refrigerator
57727631edc2cb3880d0ae32.jpg,294,2.0101,"background, hill"
57728568edc2cb388000ff60.jpg,,0.0,
577287ccedc2cb3880082b03.jpg,141,1.3863,background
57726f3bedc2cb3880b9ebb5.jpg,1352,2.5767,"background, gravel"
577281c5edc2cb3880f5948e.jpg,2191,4.9282,"background, door"
5772823dedc2cb3880f6e971.jpg,327,1.1714,"background, flooring"
57727e80edc2cb3880eb0886.jpg,853,1.2061,"background, grass"
57728a12edc2cb38800fcb30.jpg,141,1.5772,background
57727e83edc2cb3880eb0dab.jpg,141,3.1781,background
57728966edc2cb38800dbb58.jpg,2191,1.7779,"background, branch"
57728a11edc2cb38800fca90.jpg,141,0.6377,background
57726f08edc2cb3880b94016.jpg,1352,4.2347,"background, desk, toilet"
57728497edc2cb3880fe6b71.jpg,63,0.6793,curtain
5772721eedc2cb3880c413e6.jpg,1,0.6931,fence
57728143edc2cb3880f3d271.jpg,141,0.6931,background
57726f0bedc2cb3880b94407.jpg,2341,2.0171,"blanket, bush, curtain"
577281f4edc2cb3880f62403.jpg,11,0.9668,lake
5772832eedc2cb3880fa0b8f.jpg,327,1.3794,"background, blanket"
5772838eedc2cb3880fb292b.jpg,41,2.1875,desk
57726e52edc2cb3880b6ab5a.jpg,289,1.6489,"desk, lake"
577272d6edc2cb3880c69b39.jpg,,0.0,
57728401edc2cb3880fc8423.jpg,294,2.4849,"background, hill"
577287c4edc2cb3880081e0b.jpg,12,0.6308,grass
5772764fedc2cb3880d1344d.jpg,,0.0,
577287c8edc2cb388008243b.jpg,141,0.6931,background
57726f34edc2cb3880b9e103.jpg,327,1.2546,"background, blanket"
57726f2aedc2cb3880b9cf97.jpg,,0.0,
57728224edc2cb3880f6c009.jpg,141,0.5822,background
57728985edc2cb38800de8f6.jpg,,0.0,
577288e7edc2cb38800beddc.jpg,1352,1.7918,"background, toilet"
57728984edc2cb38800de854.jpg,1352,3.221,"background, building, gravel"
57728629edc2cb388003753f.jpg,,0.0,
57728a95edc2cb388011985c.jpg,19,0.6862,sidewalk
57727e17edc2cb3880e9ba8b.jpg,41,0.6931,desk
57727145edc2cb3880c0f349.jpg,0,0.6931,blanket
57727c76edc2cb3880e4a474.jpg,141,0.6862,background
57727ea3edc2cb3880eb95a5.jpg,141,0.6931,background
57728560edc2cb388000f134.jpg,141,0.6931,background
57727f92edc2cb3880ee38dc.jpg,40,0.6238,gravel
577286ddedc2cb38800581b2.jpg,50,0.5961,cage
577284dcedc2cb3880ff2574.jpg,1352,1.7779,"background, gravel"
57726f4fedc2cb3880ba0b6d.jpg,,0.0,
5772819cedc2cb3880f501c7.jpg,179,1.0467,"flooring, pavement"
5772836fedc2cb3880faa6de.jpg,853,1.3516,"background, grass"
57728649edc2cb388003a6e7.jpg,19,1.0547,sidewalk
577287c9edc2cb38800826ad.jpg,294,2.0983,"background, dirt"
57726f2cedc2cb3880b9d434.jpg,141,1.3724,background
57726e1bedc2cb3880b5f917.jpg,327,2.9126,"background, blanket"
5772779bedc2cb3880d4fdef.jpg,141,0.8679,background
57727c82edc2cb3880e4b543.jpg,141,1.0547,background
577281c3edc2cb3880f59030.jpg,1352,1.3413,"background, desk"
59db4dcbedc2c9f0102204c6.jpg,3081,1.7138,"background, banner"
57727048edc2cb3880bd965a.jpg,1352,0.8664,"background, desk"
57728883edc2cb38800aa71b.jpg,,0.0,
57726f56edc2cb3880ba7233.jpg,141,2.9444,background
57727bbdedc2cb3880e24a5b.jpg,141,0.6931,background
5772857eedc2cb3880012064.jpg,141,0.6931,background
57726e2fedc2cb3880b61b5c.jpg,,0.0,
577276beedc2cb3880d28442.jpg,2191,4.8251,"background, door"
57727698edc2cb3880d1f709.jpg,,0.0,
57727ec7edc2cb3880ec220c.jpg,,0.0,
5772857bedc2cb3880011b60.jpg,141,0.6931,background
577278aeedc2cb3880d8b054.jpg,19,0.6931,sidewalk
57728984edc2cb38800de874.jpg,4060,1.3794,"background, food"
5772883dedc2cb388009e34d.jpg,,0.0,
57728136edc2cb3880f3bbf5.jpg,,0.0,
577284fcedc2cb3880ffab64.jpg,1,0.3604,house
57727dd0edc2cb3880e90169.jpg,50,0.5268,cage
577288e3edc2cb38800be672.jpg,,0.0,
57728380edc2cb3880fabf99.jpg,327,3.8127,"background, blanket, hill, sand"
57727592edc2cb3880ceb105.jpg,141,0.6931,background
57728604edc2cb388002e748.jpg,1352,5.3011,"background, building, flooring, gravel"
57728a67edc2cb388010f875.jpg,141,1.0986,background
577281a7edc2cb3880f5136e.jpg,20,1.0437,bush
57726f0dedc2cb3880b94705.jpg,1352,1.6606,"background, desk"
57728a63edc2cb388010f269.jpg,53,0.3951,toilet
577286c8edc2cb38800564d4.jpg,,0.0,
57728a66edc2cb388010f677.jpg,1352,4.0341,"background, toilet"
59b2901eedc2caeb043310e0.jpg,1352,4.3543,"background, desk"
57727c5cedc2cb3880e42c1c.jpg,141,0.6931,background
57727fabedc2cb3880eeb83a.jpg,,0.0,
57727027edc2cb3880bd05ca.jpg,141,0.6931,background
57728503edc2cb3880ffb7c6.jpg,327,4.5942,"background, blanket, dirt, hill"
57726e19edc2cb3880b5f5e5.jpg,,0.0,
57726f76edc2cb3880baa425.jpg,1106,1.8507,"background, cage"
577276f0edc2cb3880d32513.jpg,2191,4.2407,"background, door"
57727ca2edc2cb3880e53ccb.jpg,4060,2.0931,"background, food"
577284e2edc2cb3880ff2f7e.jpg,141,0.6931,background
57727684edc2cb3880d1d7e4.jpg,1352,1.5526,"background, hill, toilet"
577278deedc2cb3880d94eb0.jpg,327,1.7738,"background, blanket"
57728a65edc2cb388010f4e4.jpg,1554,1.0986,refrigerator
57728619edc2cb388003099d.jpg,1352,2.0515,"background, toilet"
577278e2edc2cb3880d95572.jpg,,0.0,
589c5342edc2cd40d4ab5509.jpg,141,0.6931,background
57726e81edc2cb3880b74f34.jpg,12,1.0547,grass
577288c2edc2cb38800b5c2c.jpg,3779,5.7821,"background, desk, door"
57728194edc2cb3880f4f59d.jpg,,0.0,
57728413edc2cb3880fca0e6.jpg,141,0.5268,background
577284e0edc2cb3880ff2bea.jpg,,0.0,
57728225edc2cb3880f6c13b.jpg,,0.0,
577280e3edc2cb3880f29328.jpg,141,1.3586,background
57727fbcedc2cb3880eed167.jpg,141,0.6931,background
57728706edc2cb388006142d.jpg,141,0.6585,background
5772883dedc2cb388009e2fd.jpg,141,1.0547,background
58667c95edc2cd757c430d46.jpg,141,0.6931,background
57727e13edc2cb3880e9b46d.jpg,11,0.6169,lake
5772831eedc2cb3880f9f1b7.jpg,20,0.5684,door
5772785aedc2cb3880d78401.jpg,327,5.6209,"background, blanket, dirt"
5772822eedc2cb3880f6d16b.jpg,22,1.6508,"flooring, lake"
57727c8fedc2cb3880e4c8b0.jpg,,0.0,
57726f3aedc2cb3880b9eb12.jpg,141,0.6931,background
5772867dedc2cb38800449ac.jpg,179,1.5174,"branch, sidewalk"
577282b3edc2cb3880f89dd9.jpg,,0.0,
57727f3eedc2cb3880ed763b.jpg,19,0.3466,water
5772827fedc2cb3880f7fa12.jpg,853,2.4676,"background, lake"
57728562edc2cb388000f4ea.jpg,954,1.0674,"background, mountain"
57726eaaedc2cb3880b7eeb1.jpg,141,1.9761,"background, building"
57728372edc2cb3880faabb8.jpg,141,0.6931,background
57727b79edc2cb3880e18fc4.jpg,1554,1.7918,refrigerator
57727c22edc2cb3880e384dc.jpg,141,0.6931,background
57727425edc2cb3880caefab.jpg,141,0.7251,background
57727ffeedc2cb3880efd9b9.jpg,3779,4.6911,"background, desk, door"
57726f57edc2cb3880ba7453.jpg,141,2.4849,background
577278feedc2cb3880d9d852.jpg,,0.0,
57728649edc2cb388003a777.jpg,1352,3.7123,"background, desk"
57727d3eedc2cb3880e72335.jpg,1352,3.6819,"background, road, toilet"
577284faedc2cb3880ffa8a2.jpg,,0.0,
57728568edc2cb388000fe5e.jpg,4060,0.9288,"background, food"
57726f96edc2cb3880bb22db.jpg,327,1.3794,"background, blanket"
580c9549edc2c92a9c183fdb.jpg,3779,4.294,"background, desk, door"
57728325edc2cb3880f9fd25.jpg,141,2.0586,background
57726f2fedc2cb3880b9d92c.jpg,294,0.9565,"background, house"
5772736aedc2cb3880c89a35.jpg,,0.0,
58aae502edc2c923e4650713.jpg,3310,5.1314,"background, door, mountain, road, sky"
57727ca4edc2cb3880e540aa.jpg,853,1.7918,"background, lake"
577281c2edc2cb3880f58f90.jpg,1352,3.989,"background, curtain"
5772823dedc2cb3880f6e9f1.jpg,141,0.6931,background
58d01d37edc2c99318cc0e84.jpg,3779,5.9998,"background, desk, door"
57728500edc2cb3880ffb3bc.jpg,,0.0,
57726e48edc2cb3880b69b14.jpg,1554,1.0986,refrigerator
577277b1edc2cb3880d579e8.jpg,2191,2.7033,"background, door"
57728a7fedc2cb38801120f1.jpg,141,0.6724,background
5882c5f6edc2c9e7787dac19.jpg,2353,4.6403,"blanket, dirt, gravel, road"
57727e80edc2cb3880eb08a6.jpg,141,0.6931,background
577286ceedc2cb3880056efb.jpg,327,2.3026,"background, blanket"
57726f76edc2cb3880baa405.jpg,1352,6.2006,"background, building, desk, gravel"
577287deedc2cb3880089e06.jpg,,0.0,
57727448edc2cb3880cb8319.jpg,1352,2.1533,"background, gravel"
577284a7edc2cb3880fe813a.jpg,,0.0,
57727d75edc2cb3880e7cc9e.jpg,3310,3.4392,"background, door, flooring"
59ae559cedc2c9cdd86c5224.jpg,141,0.6931,background
5772848cedc2cb3880fe5b9f.jpg,1352,2.7552,"background, desk, toilet"
577278beedc2cb3880d8c9e6.jpg,41,0.9668,desk
57727dacedc2cb3880e8724b.jpg,61,0.402,building
57728223edc2cb3880f6bf57.jpg,327,1.1853,"background, blanket"
57727cfaedc2cb3880e614a4.jpg,327,2.1533,"background, blanket"
57728500edc2cb3880ffb2bc.jpg,,0.0,
577289e6edc2cb38800f31ff.jpg,,0.0,
57727f6bedc2cb3880edffeb.jpg,141,1.0876,background
577270efedc2cb3880bfaf63.jpg,141,0.4852,background
57727f06edc2cb3880ecd2c8.jpg,853,1.7918,"background, lake"
5772820aedc2cb3880f647fc.jpg,,0.0,
57728046edc2cb3880f0a10b.jpg,,0.0,
5772816fedc2cb3880f465e9.jpg,43,0.6654,snow
57728491edc2cb3880fe631b.jpg,141,0.603,background
5772785dedc2cb3880d78769.jpg,41,1.0986,desk
577286ddedc2cb3880058172.jpg,327,2.1372,"background, blanket, cloth"
577283c8edc2cb3880fbd56f.jpg,141,0.6793,background
577286a1edc2cb388004d66b.jpg,327,1.7808,"background, blanket"
57726e16edc2cb3880b5f1f5.jpg,4060,2.0586,"background, food"
58d32aededc2c998786cbeb5.jpg,,0.0,
57728a62edc2cb388010ef91.jpg,,0.0,
57727fe3edc2cb3880ef5be8.jpg,,0.0,
57728602edc2cb388002e458.jpg,1352,4.0235,"background, desk"
577275f3edc2cb3880cff835.jpg,141,2.2221,"background, building"
58af3168edc2c9b5f0b93c6f.jpg,141,0.4367,background
57728ab3edc2cb388011c9ce.jpg,,0.0,
57727e12edc2cb3880e9b1f7.jpg,53,3.0728,toilet
577284a7edc2cb3880fe81d7.jpg,12,0.5268,grass
5899c27eedc2c97aacea06a3.jpg,141,0.6446,background
577278beedc2cb3880d8c946.jpg,327,2.0309,"background, flooring"
5772831eedc2cb3880f9f227.jpg,41,1.0217,desk
577282c9edc2cb3880f8c0e4.jpg,141,0.6931,background
57728562edc2cb388000f44a.jpg,141,1.0217,background
57728568edc2cb388000fe2e.jpg,141,0.6931,background
57727daeedc2cb3880e8763d.jpg,1106,4.1065,"background, mountain, river, sky"
57726e7aedc2cb3880b7448a.jpg,141,0.4436,background
57728a7fedc2cb3880112241.jpg,141,0.6862,background
577286ddedc2cb3880058162.jpg,,0.0,
57727c20edc2cb3880e38156.jpg,19,1.622,"pavement, sidewalk"
57726ffdedc2cb3880bc662c.jpg,141,1.0437,background
57727cbcedc2cb3880e564dd.jpg,141,0.6793,background
57728736edc2cb388006b406.jpg,,0.0,
57727d9fedc2cb3880e85f51.jpg,954,1.3246,"background, mountain"
5772890cedc2cb38800c7fa3.jpg,141,0.6931,background
57727fa2edc2cb3880eea904.jpg,11,1.2615,lake
57728501edc2cb3880ffb3de.jpg,,0.0,
577278e8edc2cb3880d95e78.jpg,1352,1.3794,"background, curtain"
577278c0edc2cb3880d8cd3c.jpg,141,3.2189,background
57727dd9edc2cb3880e90d51.jpg,1352,6.7596,"background, curtain, desk"
5772838fedc2cb3880fb2ac0.jpg,1554,0.6931,refrigerator
57728562edc2cb388000f52a.jpg,3081,0.8664,"background, snow"
57727d0bedc2cb3880e6850b.jpg,327,4.4308,"background, blanket"
57727181edc2cb3880c1b3f0.jpg,1,0.5337,hill
577286b3edc2cb388004f14a.jpg,,0.0,
5772867cedc2cb38800447ca.jpg,294,1.7918,"background, dirt"
57727cbcedc2cb3880e564cd.jpg,1352,3.4172,"background, toilet"
57727d88edc2cb3880e7e857.jpg,141,0.6931,background
57726e7eedc2cb3880b74afa.jpg,20,1.0327,bush
57727f90edc2cb3880ee34c6.jpg,141,0.6931,background
577284e5edc2cb3880ff3516.jpg,141,0.9558,background
577281c7edc2cb3880f5971a.jpg,2191,4.382,"background, door"
57727b7aedc2cb3880e19134.jpg,63,0.6931,curtain
57727cbcedc2cb3880e5654d.jpg,141,0.6169,background
58d12bb8edc2c94f904de10b.jpg,19,0.4783,sidewalk
57728325edc2cb3880f9fcf5.jpg,141,1.7559,background
57727271edc2cb3880c54949.jpg,327,1.8576,"background, cloth"
59919e9aedc2c96e749c5c08.jpg,141,2.0794,background
577280f7edc2cb3880f306a9.jpg,,0.0,
57728948edc2cb38800d360a.jpg,19,1.0437,sidewalk
57727043edc2cb3880bd8dfa.jpg,141,1.0766,background
57727be9edc2cb3880e2e2d8.jpg,141,0.6931,background
577271b2edc2cb3880c25d67.jpg,2353,3.5408,"blanket, gravel, sidewalk"
577276e9edc2cb3880d31b13.jpg,2191,5.0656,"background, door"
57726e15edc2cb3880b5f006.jpg,20,0.6931,bush
57727024edc2cb3880bd002a.jpg,1352,2.4173,"background, curtain"
5772848cedc2cb3880fe5c5f.jpg,3779,6.1481,"background, desk, door"
5772701fedc2cb3880bcf7d0.jpg,1352,3.3271,"background, curtain"
577276eaedc2cb3880d31b33.jpg,3779,4.4874,"background, desk, door"
57cd005cedc2c99704d737cb.jpg,1352,2.0544,"background, desk"
57727f36edc2cb3880ed68bf.jpg,1554,0.6862,refrigerator
5772800fedc2cb3880eff649.jpg,,0.0,
577278b0edc2cb3880d8b4da.jpg,141,0.6931,background
57728045edc2cb3880f09f0f.jpg,,0.0,
5772843fedc2cb3880fd3add.jpg,,0.0,
57727da7edc2cb3880e86b1c.jpg,1352,1.109,"background, desk"
57728323edc2cb3880f9fad1.jpg,2191,2.8265,"background, door"
5772720bedc2cb3880c39b83.jpg,141,1.0986,background
577286caedc2cb38800568c5.jpg,141,0.6724,background
57726e7aedc2cb3880b744fa.jpg,1106,3.9894,"background, pole"
5772816fedc2cb3880f466e9.jpg,,0.0,
57728221edc2cb3880f6bb61.jpg,,0.0,
57727b6eedc2cb3880e18722.jpg,41,1.7022,desk
577289a7edc2cb38800e760c.jpg,141,1.0986,background
57728096edc2cb3880f1c43d.jpg,,0.0,
59839e9cedc2c9658c2f54c1.jpg,,0.0,
57726e90edc2cb3880b76956.jpg,141,0.6654,background
57727d74edc2cb3880e7cbb6.jpg,853,1.1714,"background, grass"
57727e54edc2cb3880ea716a.jpg,141,2.0214,background
577286a1edc2cb388004d63b.jpg,141,1.0986,background
57728467edc2cb3880fdced5.jpg,141,0.6516,background
59839e9cedc2c9658c2f54cd.jpg,,0.0,
577283b0edc2cb3880fb5f0c.jpg,141,0.6585,background
57728325edc2cb3880f9fdf7.jpg,141,0.6931,background
5772774eedc2cb3880d4570b.jpg,1352,1.3724,"background, desk"
57727af4edc2cb3880e046e3.jpg,3779,5.2488,"background, desk, door"
57727750edc2cb3880d45a1b.jpg,1352,4.2885,"background, curtain, lake"
577282b6edc2cb3880f8a41a.jpg,294,1.9477,"background, hill"
57726e53edc2cb3880b6acd4.jpg,41,1.5772,desk
57727593edc2cb3880ceb255.jpg,294,1.2269,"background, fence"
57728508edc2cb3880ffc013.jpg,2191,4.0943,"background, door"
57727da7edc2cb3880e86a8c.jpg,,0.0,
577285a5edc2cb388001afbf.jpg,63,0.6585,curtain
577281f1edc2cb3880f61f3b.jpg,,0.0,
577281c5edc2cb3880f594be.jpg,1352,2.0323,"background, toilet"
57727c1eedc2cb3880e37df4.jpg,2191,2.1423,"background, door"
57726e6dedc2cb3880b730da.jpg,141,0.6931,background
57727e83edc2cb3880eb0d2b.jpg,1554,0.6931,refrigerator
57728325edc2cb3880f9fd85.jpg,294,3.8925,"background, dirt"
577287cfedc2cb3880083081.jpg,22,0.6931,dirt
594cd0feedc2c97b8c101210.jpg,141,2.3026,background
57727e81edc2cb3880eb0a06.jpg,141,1.6663,background
57727facedc2cb3880eeba55.jpg,,0.0,
57727036edc2cb3880bd1d1a.jpg,1352,1.7478,"background, desk"
57728295edc2cb3880f81ce7.jpg,,0.0,
577277bfedc2cb3880d58ded.jpg,,0.0,
58d10333edc2c94f902fbc77.jpg,1,0.6308,house
57727c96edc2cb3880e4d33c.jpg,1352,1.4023,"background, desk"
57728194edc2cb3880f4f5bd.jpg,,0.0,
58d021c4edc2c99318e4f52c.jpg,2191,5.3423,"background, door"
57728714edc2cb3880062bae.jpg,1,0.6793,hill
57727429edc2cb3880caf6de.jpg,141,0.6931,background
5772874cedc2cb388006d093.jpg,141,1.0986,background
577279ceedc2cb3880dc817f.jpg,53,0.3604,toilet
57727e25edc2cb3880e9d1a7.jpg,2191,4.4129,"background, door"
5772845fedc2cb3880fdbfd9.jpg,,0.0,
57727014edc2cb3880bce9a4.jpg,327,3.4155,"background, blanket"
57727f1aedc2cb3880eced71.jpg,,0.0,
5772838fedc2cb3880fb2bd0.jpg,11,0.506,lake
57727e73edc2cb3880eaf65f.jpg,20,1.0437,door
57728497edc2cb3880fe6c41.jpg,428,1.7175,"banner, grass"
5772841aedc2cb3880fcac6f.jpg,,0.0,
57728a17edc2cb38800fd50d.jpg,4060,1.379,"background, food"
577273feedc2cb3880ca5e94.jpg,294,1.1991,"background, house"
57728295edc2cb3880f81d29.jpg,41,0.6931,desk
577284aeedc2cb3880fe8be7.jpg,141,0.6862,background
577284cfedc2cb3880ff12e5.jpg,6,0.4298,flooring
57727fe2edc2cb3880ef5ad8.jpg,,0.0,
57727279edc2cb3880c55548.jpg,327,2.8794,"background, hill, sand"
57727003edc2cb3880bc6fd0.jpg,327,1.1506,"background, blanket"
57728337edc2cb3880fa1ab9.jpg,327,1.109,"background, flooring"
57727f90edc2cb3880ee3558.jpg,327,2.4468,"background, flooring, house"
577287dbedc2cb388008994a.jpg,,0.0,
57727e34edc2cb3880ea4149.jpg,141,0.6931,background
577283f7edc2cb3880fc75a1.jpg,11,1.0437,lake
57727dededc2cb3880e927ed.jpg,327,1.7883,"background, blanket, flooring"
57727ca2edc2cb3880e53ceb.jpg,294,1.2823,"background, hill"
57727c4bedc2cb3880e41315.jpg,,0.0,
57727066edc2cb3880bdc50d.jpg,141,2.0586,background
57728922edc2cb38800ca423.jpg,,0.0,
5772722cedc2cb3880c42b1a.jpg,4060,1.563,"background, food"
57726ecdedc2cb3880b8857f.jpg,1106,1.1298,"background, pole"
577274e9edc2cb3880cce87f.jpg,11,1.8486,lake
577288e2edc2cb38800be4c0.jpg,,0.0,
57728739edc2cb388006b9f9.jpg,,0.0,
5772848cedc2cb3880fe5b4f.jpg,2191,4.4308,"background, door"
57727da7edc2cb3880e86a7a.jpg,,0.0,
57728123edc2cb3880f39e6d.jpg,,0.0,
57727282edc2cb3880c562b0.jpg,,0.0,
5772823dedc2cb3880f6eaa3.jpg,141,0.6862,background
577288c2edc2cb38800b5c1c.jpg,20,1.7738,door
58aae502edc2c923e4650715.jpg,2191,4.1897,"background, door"
57727f37edc2cb3880ed6a3b.jpg,294,1.1229,"background, chair"
57727e15edc2cb3880e9b893.jpg,,0.0,
5772763cedc2cb3880d0bbc6.jpg,141,0.5129,background
577279a7edc2cb3880dbeb14.jpg,,0.0,
577285f6edc2cb388002d1b6.jpg,141,1.3863,background
57726f02edc2cb3880b935ca.jpg,19,1.2962,"pavement, sidewalk"
57727da7edc2cb3880e86aac.jpg,141,0.6931,background
57726f8eedc2cb3880bb1b69.jpg,141,1.3197,background
577284fcedc2cb3880ffabc4.jpg,20,0.8459,bush
57727800edc2cb3880d64cfd.jpg,141,2.9836,background
577270d5edc2cb3880bf864f.jpg,141,0.6931,background
57728001edc2cb3880efddef.jpg,327,1.9963,"background, blanket"
57728335edc2cb3880fa1785.jpg,,0.0,
577285f7edc2cb388002d388.jpg,297,1.0259,"dirt, gravel"
57727014edc2cb3880bce964.jpg,141,0.6862,background
577277aeedc2cb3880d57460.jpg,1352,5.5455,"background, building, gravel"
57728209edc2cb3880f644e6.jpg,294,1.6589,"background, house"
577284fbedc2cb3880ffaaf4.jpg,294,1.6421,"background, hill"
57727448edc2cb3880cb82ee.jpg,141,0.5268,background
57727f6eedc2cb3880ee0168.jpg,11,0.6724,lake
577284e2edc2cb3880ff2f9e.jpg,415,0.8456,"cloud, curtain"
57726f78edc2cb3880baa755.jpg,3310,4.4157,"background, door, floor"
577286a6edc2cb388004df04.jpg,,0.0,
577282e6edc2cb3880f940fe.jpg,,0.0,
57727a6bedc2cb3880de7413.jpg,327,3.0902,"background, blanket"
5772869aedc2cb388004cb7c.jpg,53,2.634,toilet
5772798fedc2cb3880dbc750.jpg,141,1.3031,background
57727403edc2cb3880ca6624.jpg,1352,2.478,"background, curtain"
57727a38edc2cb3880ddcfd2.jpg,1352,3.0323,"background, desk"
57728a16edc2cb38800fd1e5.jpg,141,0.6862,background
5772869bedc2cb388004cc60.jpg,20,0.6862,bush
57728143edc2cb3880f3d241.jpg,1352,1.3863,"background, gravel"
57728284edc2cb3880f80160.jpg,2191,1.3447,"background, door"
577282eaedc2cb3880f947c6.jpg,,0.0,
577286dcedc2cb3880058037.jpg,,0.0,
57727f46edc2cb3880ed8254.jpg,6,0.6446,flooring
57727fadedc2cb3880eebaea.jpg,,0.0,
57728ab3edc2cb388011c92e.jpg,141,1.109,background
577288e7edc2cb38800bed3c.jpg,20,0.4159,door
57728338edc2cb3880fa1b50.jpg,1352,1.2171,"background, gravel"
5772809bedc2cb3880f1cd92.jpg,,0.0,
57728294edc2cb3880f81b67.jpg,40,1.0876,gravel
577284b0edc2cb3880fe8feb.jpg,,0.0,
57727882edc2cb3880d81610.jpg,,0.0,
57726f73edc2cb3880ba9e63.jpg,1352,3.5988,"background, desk"
577278c3edc2cb3880d8d0a6.jpg,4060,2.3884,"background, food"
57726e6eedc2cb3880b7314a.jpg,1352,3.5697,"background, desk"
57728427edc2cb3880fd13cd.jpg,,0.0,
5772842cedc2cb3880fd1bf7.jpg,,0.0,
5772785cedc2cb3880d786c9.jpg,4060,2.514,"background, food"
57727d5eedc2cb3880e75478.jpg,141,0.61,background
57728922edc2cb38800ca3f3.jpg,1,0.3674,hill
59bfd052edc2c9554cdc877b.jpg,141,0.5961,background
57727de1edc2cb3880e91689.jpg,6,0.5753,flooring
57728650edc2cb388003b131.jpg,50,0.8248,"cage, grass"
577286c8edc2cb3880056536.jpg,141,0.4991,background
577288a5edc2cb38800b2ef2.jpg,416,3.4324,"background, road"
57727d69edc2cb3880e7bc70.jpg,20,0.6862,bush
577287caedc2cb388008273f.jpg,6,1.0986,floor
57727231edc2cb3880c43234.jpg,,0.0,
57726ea4edc2cb3880b7e54e.jpg,1352,3.1365,"background, curtain"
577282b9edc2cb3880f8a787.jpg,141,3.3996,background
57727c31edc2cb3880e39751.jpg,327,2.471,"background, flooring"
57727f46edc2cb3880ed82d4.jpg,349,2.0788,"door, sink"
57727c1aedc2cb3880e3773a.jpg,3310,4.0881,"background, door, flooring"
57728508edc2cb3880ffbf83.jpg,327,2.6838,"background, dirt, flooring"
57726e4dedc2cb3880b6a413.jpg,,0.0,
57728a6bedc2cb388010feae.jpg,992,2.3561,"door, pavement"
57727f74edc2cb3880ee0705.jpg,,0.0,
57727d1dedc2cb3880e69fee.jpg,141,2.5649,background
57728337edc2cb3880fa1a57.jpg,294,1.6006,"background, field"
577276f1edc2cb3880d32623.jpg,2191,4.9698,"background, door"
577287c8edc2cb38800824cb.jpg,141,0.6862,background
5772865fedc2cb3880041c7b.jpg,6,0.3882,flooring
57727e81edc2cb3880eb0a76.jpg,2191,0.9357,"background, branch"
5772701dedc2cb3880bcf52e.jpg,141,2.4543,background
5772877cedc2cb3880075737.jpg,141,2.3026,background
577283cdedc2cb3880fbde64.jpg,,0.0,
57727f2dedc2cb3880ed5ec7.jpg,63,0.9668,curtain
58cf89cbedc2c97b40318aa4.jpg,294,1.7258,"background, dirt"
57727da8edc2cb3880e86c1e.jpg,1352,1.9408,"background, curtain"
577289dfedc2cb38800f2844.jpg,1352,1.3586,"background, gravel"
57727fb8edc2cb3880eecb5f.jpg,30,0.9997,flower
57727fbcedc2cb3880eed1e7.jpg,141,0.5684,background
57727e81edc2cb3880eb0b58.jpg,2191,2.7805,"background, door"
57727152edc2cb3880c10ba4.jpg,141,0.6931,background
57a33966edc2c9388c2db97e.jpg,,0.0,
57727e80edc2cb3880eb0896.jpg,63,0.6931,curtain
577281a9edc2cb3880f513be.jpg,327,1.1368,"background, blanket"
57728295edc2cb3880f81cf9.jpg,,0.0,
57728789edc2cb3880076cb1.jpg,141,0.6654,background
57727fb7edc2cb3880eec8ad.jpg,,0.0,
577278ddedc2cb3880d94de0.jpg,1352,3.4012,"background, curtain, toilet"
577276e2edc2cb3880d31045.jpg,141,1.6094,background
57726e17edc2cb3880b5f2ab.jpg,141,1.6094,background
57727bbfedc2cb3880e24d5e.jpg,416,1.4729,"background, road"
57726ff2edc2cb3880bc5477.jpg,20,0.9778,bush
57727fb9edc2cb3880eecb7f.jpg,,0.0,
577281c5edc2cb3880f5938e.jpg,1352,3.5553,"background, curtain"
57727cbfedc2cb3880e56987.jpg,20,0.6238,door
577287caedc2cb388008288f.jpg,327,1.116,"background, blanket"
57726e39edc2cb3880b62ba7.jpg,957,1.7738,"food, gravel"
57727dd7edc2cb3880e90b9f.jpg,3779,7.844,"background, desk, door"
57727ddfedc2cb3880e9142d.jpg,2191,5.0727,"background, door"
57728296edc2cb3880f81d99.jpg,41,1.3863,desk
5772848cedc2cb3880fe5c4f.jpg,1352,3.9483,"background, desk"
577284faedc2cb3880ffa942.jpg,,0.0,
57727043edc2cb3880bd8d6a.jpg,141,1.3863,background
57728891edc2cb38800abdb1.jpg,21,0.4644,food
5772869fedc2cb388004d327.jpg,6,1.2754,flooring
57727bd5edc2cb3880e2c6ef.jpg,,0.0,
57728325edc2cb3880f9fe17.jpg,141,2.8332,background
57728532edc2cb38800054f5.jpg,6,0.6931,flooring
57727636edc2cb3880d0b560.jpg,141,0.6377,background
5772700eedc2cb3880bc826b.jpg,141,3.091,background
57726f03edc2cb3880b93768.jpg,1352,3.6057,"background, building, curtain, flooring"
57728503edc2cb3880ffb816.jpg,1352,2.4697,"curtain, desk, gravel"
577284e7edc2cb3880ff369a.jpg,40,0.6931,gravel
577271daedc2cb3880c2eff6.jpg,41,1.6094,desk
57727685edc2cb3880d1d8e6.jpg,1352,1.5659,"background, curtain"
57726ee9edc2cb3880b8b37b.jpg,,0.0,
577284cdedc2cb3880ff0f4f.jpg,,0.0,
577283d7edc2cb3880fbee6c.jpg,,0.0,
57728391edc2cb3880fb2f38.jpg,254,2.9108,"blanket, door"
577279cfedc2cb3880dc832f.jpg,141,0.3674,background
57728193edc2cb3880f4f2d7.jpg,,0.0,
577278c0edc2cb3880d8cc88.jpg,141,2.4849,background
57728048edc2cb3880f0a362.jpg,6,0.802,flooring
5772700eedc2cb3880bc836e.jpg,141,1.0986,background
57728392edc2cb3880fb3008.jpg,21,0.6793,food
57727c4eedc2cb3880e4181a.jpg,141,0.6931,background
57728219edc2cb3880f6b0be.jpg,1352,2.4283,"background, gravel"
58d1240cedc2c94f900fc610.jpg,853,1.4156,"background, lake"
57727637edc2cb3880d0b5e0.jpg,141,0.6238,background
5772866cedc2cb3880042ee3.jpg,1352,2.0725,"background, toilet"
5772755eedc2cb3880ce0f82.jpg,1352,3.5269,"background, curtain"
57728ac8edc2cb3880123ef5.jpg,141,1.3617,background
577278beedc2cb3880d8c976.jpg,141,1.3586,background
577280f1edc2cb3880f2ff0e.jpg,,0.0,
577282ecedc2cb3880f94b88.jpg,294,1.6589,"background, dirt"
577282a1edc2cb3880f82e78.jpg,,0.0,
57727218edc2cb3880c40aa9.jpg,18,0.6931,river
57728171edc2cb3880f469fd.jpg,,0.0,
577287cbedc2cb3880082a41.jpg,141,1.0437,background
577286c9edc2cb388005673b.jpg,2191,2.3182,"background, door"
577286aaedc2cb388004e49a.jpg,141,0.6862,background
577283fbedc2cb3880fc7c17.jpg,,0.0,
57728a37edc2cb3880105a46.jpg,327,3.0463,"background, sand"
57726e35edc2cb3880b6256c.jpg,1352,2.9493,"background, desk, house"
5772714fedc2cb3880c1056a.jpg,141,3.2581,background
57726e52edc2cb3880b6ab18.jpg,141,0.6931,background
5772846eedc2cb3880fdd9f5.jpg,20,0.603,bush
577278cdedc2cb3880d93804.jpg,1352,4.3495,"background, curtain, desk"
57726e51edc2cb3880b6a923.jpg,141,0.6931,background
5772869bedc2cb388004cd52.jpg,327,1.3794,"background, blanket"
57726e5aedc2cb3880b6b708.jpg,63,1.2199,curtain
577286c5edc2cb388005609d.jpg,,0.0,
57726e12edc2cb3880b5eaae.jpg,1352,1.823,"background, gravel, lake"
5772861aedc2cb3880030abd.jpg,141,0.6862,background
57728a66edc2cb388010f72d.jpg,4215,5.6877,"desk, door, toilet"
57727269edc2cb3880c4e313.jpg,141,0.6862,background
577281c2edc2cb3880f58fb0.jpg,2191,6.1738,"background, door"
57727bbeedc2cb3880e24c4b.jpg,141,0.6931,background
577278ceedc2cb3880d9384c.jpg,,0.0,
577284fbedc2cb3880ffaae4.jpg,,0.0,
577279cfedc2cb3880dc828f.jpg,,0.0,
580e1509edc2c99c1cf0fadf.jpg,4060,4.1165,"background, food"
577277bbedc2cb3880d58903.jpg,,0.0,
57728619edc2cb38800309bd.jpg,141,0.9888,background
5772766cedc2cb3880d15c0f.jpg,853,3.0326,"background, grass"
5772863fedc2cb3880039752.jpg,327,4.3491,"background, blanket, dirt, house"
577282d5edc2cb3880f8d210.jpg,141,0.6862,background
57726e2fedc2cb3880b61b1c.jpg,,0.0,
57727208edc2cb3880c39659.jpg,141,0.5476,background
5772857fedc2cb38800120d4.jpg,141,0.3535,background
5772873aedc2cb388006bb8d.jpg,,0.0,
57727d89edc2cb3880e7e8d7.jpg,327,0.8734,"background, blanket"
577278daedc2cb3880d9489e.jpg,179,1.9547,"building, flooring"
5772869aedc2cb388004cbbc.jpg,2353,5.6161,"blanket, bridge, dirt, grass, sidewalk"
57726edbedc2cb3880b89c90.jpg,141,0.7251,background
577288e7edc2cb38800bed6c.jpg,2191,1.1853,"background, door"
577270e9edc2cb3880bfa4a5.jpg,,0.0,
57727ce5edc2cb3880e5fb72.jpg,2191,1.7294,"background, door"
57728108edc2cb3880f3227e.jpg,141,0.6862,background
57728742edc2cb388006c728.jpg,,0.0,
57727aa9edc2cb3880df2c39.jpg,141,2.1972,background
57728608edc2cb388002edd9.jpg,141,0.3951,background
58c6237dedc2c9c7dc0de1ae.jpg,1352,5.3675,"background, building, desk"
58d1240cedc2c94f900fc616.jpg,11,0.6516,lake
57727ffeedc2cb3880efda19.jpg,4060,1.3863,"background, food"
57727d5fedc2cb3880e756e8.jpg,141,0.6793,background
57728044edc2cb3880f09d4b.jpg,20,0.4783,bush
57728740edc2cb388006c2d0.jpg,2191,2.4849,"background, door"
57727a3dedc2cb3880ddd7b2.jpg,4060,2.4222,"background, food"
577271c1edc2cb3880c2d08d.jpg,327,4.9841,"background, dirt, hill, sand"
57727030edc2cb3880bd14b8.jpg,141,0.6724,background
57726f0bedc2cb3880b94427.jpg,141,2.0586,background
58d5bbc0edc2c9a0c4afd0ff.jpg,,0.0,
577287dcedc2cb3880089a7e.jpg,141,0.6931,background
57727d70edc2cb3880e7c539.jpg,,0.0,
577288e2edc2cb38800be47e.jpg,,0.0,
577286e8edc2cb38800592f4.jpg,,0.0,
57727e87edc2cb3880eb14be.jpg,141,1.0217,background
577283ffedc2cb3880fc8221.jpg,1,0.4505,house
57728a4dedc2cb3880107aa4.jpg,3932,2.8455,"food, hill, sand"
577284a8edc2cb3880fe8267.jpg,,0.0,
57728a74edc2cb3880110ed1.jpg,2191,3.345,"background, door"
57728947edc2cb38800d3356.jpg,327,2.7449,"background, flooring"
57728913edc2cb38800c8b97.jpg,63,1.0107,curtain
57727e57edc2cb3880ea753a.jpg,141,2.8332,background
577282c0edc2cb3880f8b370.jpg,141,2.4849,background
57728705edc2cb388006128b.jpg,141,0.6931,background
57728282edc2cb3880f7fd68.jpg,,0.0,
577281a7edc2cb3880f5132e.jpg,141,1.3447,background
577283cdedc2cb3880fbddf4.jpg,,0.0,
57727ffeedc2cb3880efda09.jpg,50,1.0605,"door, grass"
57727e08edc2cb3880e9a791.jpg,141,1.5933,background
57727016edc2cb3880bceb78.jpg,141,2.9836,background
57727c77edc2cb3880e4a604.jpg,19,1.0986,sidewalk
57728478edc2cb3880fde963.jpg,,0.0,
577281a6edc2cb3880f51151.jpg,,0.0,
5772842aedc2cb3880fd19d7.jpg,,0.0,
57727202edc2cb3880c38bec.jpg,141,0.6931,background
58edc523edc2c963ccacd9a1.jpg,1352,4.2767,"background, curtain, flooring"
57727dd8edc2cb3880e90c81.jpg,3779,7.8144,"background, desk, door"
58dbc968edc2c958ec0165dd.jpg,,0.0,
57728601edc2cb388002e3a8.jpg,327,2.0448,"background, cloth"
57728562edc2cb388000f49a.jpg,,0.0,
57727178edc2cb3880c1a3f0.jpg,41,3.197,desk
57726f07edc2cb3880b93e66.jpg,1352,5.1116,"background, desk, flooring"
57728591edc2cb3880018fa2.jpg,40,0.6377,gravel
57727dabedc2cb3880e86f90.jpg,,0.0,
57727f54edc2cb3880ed9092.jpg,6,1.0766,flooring
57726f0fedc2cb3880b94ae6.jpg,141,0.6931,background
57728891edc2cb38800abcb1.jpg,,0.0,
57726fb2edc2cb3880bb444d.jpg,1,0.6793,house
577278ceedc2cb3880d9383a.jpg,141,0.6931,background
57727a9aedc2cb3880df184d.jpg,8,0.6377,light
57727ffeedc2cb3880efda29.jpg,1554,1.6663,refrigerator
57727a9bedc2cb3880df1a8d.jpg,2353,2.3706,"blanket, dirt, grass, gravel"
577273acedc2cb3880c93fd7.jpg,327,1.9893,"background, river"
577287ccedc2cb3880082af3.jpg,1352,1.7253,"background, desk"
577288b0edc2cb38800b423f.jpg,141,0.6931,background
5772829fedc2cb3880f82bc6.jpg,,0.0,
577280f7edc2cb3880f306e9.jpg,,0.0,
57728668edc2cb38800428c4.jpg,445,1.3655,"hill, pavement"
577287f4edc2cb388008c499.jpg,1,0.5337,hill
5772812dedc2cb3880f3ad4d.jpg,,0.0,
5772869fedc2cb388004d3b7.jpg,139,1.2477,"dirt, river"
577278deedc2cb3880d94ee0.jpg,327,1.7953,"background, blanket, sand"
57728171edc2cb3880f469ed.jpg,41,0.6862,desk
57727217edc2cb3880c40839.jpg,,0.0,
57727e0aedc2cb3880e9a957.jpg,141,1.7738,background
577282cdedc2cb3880f8c7aa.jpg,,0.0,
577281fdedc2cb3880f632b8.jpg,,0.0,
5772763dedc2cb3880d0bccf.jpg,,0.0,
57727f93edc2cb3880ee394c.jpg,1377,2.081,"blanket, building, gravel"
57727071edc2cb3880be31f3.jpg,141,0.603,background
577287caedc2cb388008282f.jpg,0,0.6931,blanket
57728437edc2cb3880fd2d7f.jpg,63,0.8349,curtain
599c0674edc2c978fc5e2910.jpg,1,0.5337,house
57728391edc2cb3880fb2f68.jpg,,0.0,
577282eeedc2cb3880f94df8.jpg,2191,1.2061,"background, branch"
577287c8edc2cb38800823db.jpg,141,0.6931,background
577281a6edc2cb3880f510b1.jpg,1,0.6169,fence
5772861aedc2cb3880030a9d.jpg,1352,4.6618,"background, curtain"
577281aaedc2cb3880f514f0.jpg,11,1.2338,lake
594cd0feedc2c97b8c101208.jpg,141,1.3724,background
5772808eedc2cb3880f1bd9f.jpg,11,1.0986,lake
57727f7bedc2cb3880ee1357.jpg,20,0.769,door
57728568edc2cb388000ff20.jpg,20,1.3863,door
57727f2dedc2cb3880ed5f79.jpg,327,2.2957,"background, flooring"
5772847bedc2cb3880fdedd7.jpg,20,2.4601,door
57728508edc2cb3880ffc073.jpg,20,1.3863,door
577283a3edc2cb3880fb4aeb.jpg,6,0.6585,flooring
57726ed9edc2cb3880b89998.jpg,2191,3.5835,"background, door"
57727d5eedc2cb3880e755a8.jpg,1352,1.6149,"background, gravel"
57728415edc2cb3880fca3b5.jpg,853,2.5593,"background, grass"
57728705edc2cb388006126b.jpg,141,0.6793,background
57728108edc2cb3880f322ce.jpg,141,1.0766,background
598e31f9edc2c91aa0736f91.jpg,294,1.2605,"background, house"
577278cdedc2cb3880d936cc.jpg,141,0.4991,background
5772853eedc2cb38800069d2.jpg,,0.0,
57727162edc2cb3880c17d8a.jpg,40,0.6931,gravel
57727dbdedc2cb3880e88da3.jpg,1,0.3674,hill
5772873bedc2cb388006bc6d.jpg,,0.0,
57727018edc2cb3880bcefba.jpg,4060,2.639,"background, food"
577278bbedc2cb3880d8c4f4.jpg,141,0.5199,background
577280e0edc2cb3880f28f46.jpg,,0.0,
57728123edc2cb3880f39ead.jpg,41,0.8459,desk
57727f73edc2cb3880ee0683.jpg,,0.0,
5772840bedc2cb3880fc9401.jpg,657,1.2615,"food, pavement"
57727752edc2cb3880d45d1b.jpg,141,2.6391,background
577286cdedc2cb3880056d63.jpg,12,0.3535,grass
577287c4edc2cb3880081dab.jpg,,0.0,
57728285edc2cb3880f803f2.jpg,2353,2.0794,"blanket, gravel, sidewalk"
57727fbfedc2cb3880eed684.jpg,1,0.5476,house
57728459edc2cb3880fdb63d.jpg,416,2.289,"background, road"
57727274edc2cb3880c54ea5.jpg,1352,3.091,"background, curtain"
577281bfedc2cb3880f58b5c.jpg,,0.0,
57727c88edc2cb3880e4bee5.jpg,141,0.6931,background
5772816dedc2cb3880f46297.jpg,,0.0,
57728412edc2cb3880fca006.jpg,63,0.5476,curtain
57728985edc2cb38800de916.jpg,,0.0,
57728095edc2cb3880f1c3f4.jpg,,0.0,
5772850cedc2cb3880ffc52b.jpg,,0.0,
5772848cedc2cb3880fe5b1f.jpg,1352,5.838,"background, curtain, desk, toilet"
577284eaedc2cb3880ff3bc2.jpg,,0.0,
5772838fedc2cb3880fb2c20.jpg,20,1.0547,door
57727d5fedc2cb3880e75698.jpg,,0.0,
57728a95edc2cb38801197f6.jpg,2341,1.7478,"blanket, bush"
57727659edc2cb3880d14378.jpg,141,0.5407,background
57727228edc2cb3880c4257a.jpg,,0.0,
577289dfedc2cb38800f2814.jpg,19,0.6931,sidewalk
57728227edc2cb3880f6c4b3.jpg,,0.0,
577282e6edc2cb3880f940ee.jpg,141,1.9459,background
57728a95edc2cb388011987e.jpg,141,0.6931,background
57726e38edc2cb3880b62a41.jpg,,0.0,
57726e74edc2cb3880b73bcb.jpg,141,3.3322,background
577283a9edc2cb3880fb5499.jpg,,0.0,
577287dbedc2cb388008991a.jpg,,0.0,
57727c88edc2cb3880e4bef5.jpg,141,1.3863,background
577286e4edc2cb3880058c60.jpg,,0.0,
57727d88edc2cb3880e7e877.jpg,141,0.9558,background
577286d9edc2cb3880057bcb.jpg,41,0.6862,desk
5772864aedc2cb388003a8b9.jpg,,0.0,
57728347edc2cb3880fa8656.jpg,141,0.603,background
57728069edc2cb3880f12bf5.jpg,,0.0,
577280caedc2cb3880f26df5.jpg,1352,1.3447,"background, gravel"
577289e5edc2cb38800f30cf.jpg,2191,3.0564,"background, door"
57727c4bedc2cb3880e41335.jpg,40,0.6724,gravel
57726f2cedc2cb3880b9d354.jpg,141,2.7449,background
5772798eedc2cb3880dbc4fc.jpg,4060,2.0309,"background, food"
5772787bedc2cb3880d80b1e.jpg,141,1.0986,background
577278ccedc2cb3880d9365c.jpg,4338,2.7828,"blanket, food, gravel, road"
57727c71edc2cb3880e49d8e.jpg,294,1.7918,"background, dirt"
5772845cedc2cb3880fdba4f.jpg,41,0.6793,desk
57726e26edc2cb3880b60d35.jpg,141,0.6931,background
5772870eedc2cb3880062051.jpg,141,0.6931,background
593f90eeedc2c97ce0e50c32.jpg,,0.0,
57726ecfedc2cb3880b88945.jpg,1352,3.8048,"background, curtain, desk"
577277ddedc2cb3880d61433.jpg,141,1.907,background
57728a18edc2cb38800fd615.jpg,327,1.109,"background, blanket"
577287dfedc2cb3880089e56.jpg,1783,1.1645,"bench, carpet"
57728192edc2cb3880f4f237.jpg,179,1.2962,"gravel, house"
57728ab4edc2cb388011ca14.jpg,,0.0,
577280dcedc2cb3880f289e2.jpg,230,0.6931,billboard
57728a6dedc2cb38801101a5.jpg,92,0.3674,banner
57727f7bedc2cb3880ee1399.jpg,,0.0,
57728125edc2cb3880f3a11d.jpg,,0.0,
57727ee7edc2cb3880ec4fd6.jpg,853,2.634,"background, lake"
577275f1edc2cb3880cff545.jpg,19,0.6931,sidewalk
577280d9edc2cb3880f28410.jpg,,0.0,
57728204edc2cb3880f63d8a.jpg,,0.0,
5772840eedc2cb3880fc99ca.jpg,1,0.6862,fence
57727f6fedc2cb3880ee024a.jpg,50,0.402,carpet
5772860bedc2cb388002f229.jpg,179,1.9547,"building, gravel"
57726ff3edc2cb3880bc56a7.jpg,141,2.9836,background
577281c3edc2cb3880f59102.jpg,141,0.6862,background
5772838eedc2cb3880fb2a2e.jpg,119,0.506,bench
57728364edc2cb3880faa006.jpg,,0.0,
577287cbedc2cb3880082a11.jpg,294,1.1922,"background, fence"
5772881aedc2cb3880095479.jpg,8,0.3466,field
577287c4edc2cb3880081deb.jpg,,0.0,
57728649edc2cb388003a707.jpg,141,0.5614,background
577281c3edc2cb3880f59072.jpg,1352,2.0829,"background, desk, flooring"
5772837fedc2cb3880fabe24.jpg,1352,1.3794,"background, gravel"
594cd7dfedc2c97b8c2deea2.jpg,853,3.6643,"background, grass"
5772845eedc2cb3880fdbf29.jpg,,0.0,
57728284edc2cb3880f80130.jpg,141,1.0876,background
57727d75edc2cb3880e7cc7c.jpg,1554,2.6349,refrigerator
5772853fedc2cb3880006a44.jpg,117,1.2754,"bridge, pavement"
58666b64edc2cd757c151cdd.jpg,294,0.9496,"background, hill"
5772819dedc2cb3880f502d7.jpg,19,1.0657,sidewalk
57726ebfedc2cb3880b81217.jpg,1352,2.0448,"background, desk"
57728136edc2cb3880f3bc95.jpg,20,0.6931,door
57728393edc2cb3880fb3148.jpg,415,3.7111,"curtain, door"
57726e37edc2cb3880b6291e.jpg,141,1.6094,background
5954fa6eedc2c93644c45189.jpg,141,0.8679,background
577278bbedc2cb3880d8c504.jpg,141,0.6793,background
577280f0edc2cb3880f2feae.jpg,,0.0,
577288a1edc2cb38800b2847.jpg,,0.0,
57728347edc2cb3880fa8716.jpg,12,0.5892,grass
587cf1fdedc2c9546c04aab5.jpg,141,2.7261,background
577284a6edc2cb3880fe7f65.jpg,41,0.3674,desk
5772842bedc2cb3880fd1b37.jpg,43,2.1972,snow
57728226edc2cb3880f6c441.jpg,1,0.4852,house
5772857dedc2cb3880011e30.jpg,4060,1.5171,"background, food"
57728501edc2cb3880ffb46e.jpg,1,0.6585,hill
5772883eedc2cb388009e46f.jpg,141,0.9228,background
577284a2edc2cb3880fe78b5.jpg,92,0.6238,banner
57727f4bedc2cb3880ed8b25.jpg,,0.0,
5772820bedc2cb3880f648b2.jpg,4060,1.3586,"background, food"
577287deedc2cb3880089cf2.jpg,141,0.5753,background
577283aeedc2cb3880fb5b86.jpg,,0.0,
57728469edc2cb3880fdd217.jpg,41,0.6585,desk
57727ce2edc2cb3880e5f6aa.jpg,141,2.9836,background
5772866bedc2cb3880042ea3.jpg,179,1.3308,"gravel, pavement"
577286c9edc2cb38800566d5.jpg,41,0.9778,desk
5772700eedc2cb3880bc8249.jpg,141,2.3739,background
577284fbedc2cb3880ffaa04.jpg,1,0.5961,house
577282c7edc2cb3880f8be24.jpg,47,2.9008,"door, flooring"
58cf89cbedc2c97b40318aae.jpg,11,0.6308,lake
577288c2edc2cb38800b5b7a.jpg,3779,4.696,"background, desk, door"
57727fa1edc2cb3880eea6ca.jpg,,0.0,
5772842dedc2cb3880fd1d87.jpg,43,0.4228,snow
57728619edc2cb3880030a5d.jpg,2191,1.6185,"background, door"
57727f0cedc2cb3880ecdaf0.jpg,,0.0,
57727fededc2cb3880ef6b27.jpg,,0.0,
577275cbedc2cb3880cf60fe.jpg,,0.0,
57727af4edc2cb3880e046d1.jpg,2191,1.4411,"background, door"
57727d70edc2cb3880e7c519.jpg,141,1.8097,background
577283d5edc2cb3880fbeac6.jpg,,0.0,
577286cbedc2cb388005699f.jpg,141,0.6446,background
57728446edc2cb3880fd471d.jpg,8,1.3031,field
57727febedc2cb3880ef675e.jpg,,0.0,
5772812dedc2cb3880f3ad6d.jpg,22,0.3535,dirt
57727f43edc2cb3880ed7e7e.jpg,1056,1.0674,"desk, gravel"
577284a1edc2cb3880fe7895.jpg,,0.0,
57728a62edc2cb388010f07a.jpg,,0.0,
57727d05edc2cb3880e67c60.jpg,,0.0,
57727f49edc2cb3880ed8872.jpg,,0.0,
57727798edc2cb3880d4fafb.jpg,,0.0,
57728223edc2cb3880f6bf37.jpg,141,0.6931,background
57728789edc2cb3880076c1f.jpg,19,1.4807,sidewalk
577283fbedc2cb3880fc7c29.jpg,269,0.5684,bathtub
5772848dedc2cb3880fe5c7f.jpg,2191,6.0486,"background, door"
57727c96edc2cb3880e4d2cc.jpg,141,0.6862,background
577271bcedc2cb3880c2c7fd.jpg,141,2.4849,background
577280c3edc2cb3880f26379.jpg,,0.0,
5772825eedc2cb3880f76fc9.jpg,22,1.2477,dirt
59ca15eeedc2c92484219b9d.jpg,141,0.5407,background
57727e0dedc2cb3880e9ad15.jpg,141,0.61,background
577287bbedc2cb3880080e68.jpg,,0.0,
577279f5edc2cb3880dd1593.jpg,1352,1.0536,"background, desk"
5772798fedc2cb3880dbc700.jpg,1352,3.8241,"background, curtain"
577272f3edc2cb3880c6ccbd.jpg,1352,2.8464,"background, curtain"
57727ce6edc2cb3880e5fc02.jpg,141,1.0986,background
57728328edc2cb3880fa01cd.jpg,,0.0,
577278dbedc2cb3880d949be.jpg,,0.0,
5772857bedc2cb3880011ab0.jpg,141,1.0766,background
57727a68edc2cb3880de6ec3.jpg,141,1.3863,background
5772840aedc2cb3880fc9351.jpg,141,1.3863,background
57727c76edc2cb3880e4a4c4.jpg,19,0.6654,sidewalk
577287afedc2cb388007fc4b.jpg,,0.0,
577288ddedc2cb38800bde5d.jpg,,0.0,
577286aaedc2cb388004e45a.jpg,141,3.1929,background
577284faedc2cb3880ffa922.jpg,40,0.4367,gravel
57728353edc2cb3880fa905e.jpg,294,2.4017,"background, fence"
57726fa8edc2cb3880bb334d.jpg,,0.0,
57727cfaedc2cb3880e61514.jpg,141,0.4991,background
57728253edc2cb3880f76155.jpg,,0.0,
57728291edc2cb3880f81709.jpg,,0.0,
57727f44edc2cb3880ed7f90.jpg,,0.0,
577284f5edc2cb3880ffa0d8.jpg,,0.0,
57727fa8edc2cb3880eeb332.jpg,40,1.0986,gravel
57727990edc2cb3880dbc88a.jpg,141,0.6931,background
577283f6edc2cb3880fc73db.jpg,,0.0,
57727300edc2cb3880c73cb3.jpg,1352,3.1815,"background, curtain"
5772863eedc2cb38800396c2.jpg,,0.0,
577277c1edc2cb3880d59071.jpg,141,1.3724,background
577287b2edc2cb3880080201.jpg,,0.0,
57728228edc2cb3880f6c6a5.jpg,141,1.3863,background
577272f4edc2cb3880c6cf4d.jpg,141,2.8459,background
57728045edc2cb3880f09fef.jpg,40,1.0986,gravel
57727f8aedc2cb3880ee2a5e.jpg,,0.0,
57727681edc2cb3880d1d3d4.jpg,19,0.3743,sidewalk
57728758edc2cb388006da7a.jpg,40,0.3466,gravel
57728758edc2cb388006da8a.jpg,,0.0,
5772869dedc2cb388004d026.jpg,294,2.7449,"background, hill"
57727d86edc2cb3880e7e420.jpg,19,0.6862,sidewalk
57727bb5edc2cb3880e23ec1.jpg,141,1.0674,background
598d7457edc2c955f8bb853e.jpg,327,1.7779,"background, blanket"
577283cbedc2cb3880fbda59.jpg,,0.0,
577283d0edc2cb3880fbe31c.jpg,,0.0,
5772836fedc2cb3880faa6ee.jpg,297,1.3269,"dirt, gravel"
577282f4edc2cb3880f958ac.jpg,221,0.9009,fog
5772826bedc2cb3880f785ea.jpg,1352,1.3794,"background, curtain"
57728aceedc2cb388012495d.jpg,141,2.4849,background
57727acdedc2cb3880dfb563.jpg,141,1.7918,background
57726e50edc2cb3880b6a7d0.jpg,141,0.6862,background
57727657edc2cb3880d14175.jpg,1352,1.3863,"background, curtain"
5899c27eedc2c97aacea06b9.jpg,1352,1.3863,"background, curtain"
57727d58edc2cb3880e74c56.jpg,141,0.6793,background
57728250edc2cb3880f75c5d.jpg,19,1.7513,water
5772850bedc2cb3880ffc397.jpg,141,0.6931,background
577280dfedc2cb3880f28e76.jpg,,0.0,
577279d0edc2cb3880dc83b2.jpg,912,2.1203,"curtain, fence"
5772853fedc2cb3880006a02.jpg,,0.0,
577281a7edc2cb3880f5133e.jpg,19,0.6931,sidewalk
57727bc5edc2cb3880e257c5.jpg,19,1.0876,pavement
577279ceedc2cb3880dc81af.jpg,,0.0,
57727fededc2cb3880ef6b57.jpg,50,0.5684,carpet
5772874cedc2cb388006d0f5.jpg,,0.0,
57727da5edc2cb3880e868a8.jpg,327,1.3794,"background, blanket"
57728254edc2cb3880f7617d.jpg,,0.0,
57727d11edc2cb3880e68dec.jpg,294,2.5785,"background, dirt, fence"
57728459edc2cb3880fdb65d.jpg,,0.0,
577284a7edc2cb3880fe8247.jpg,520,0.9118,cardboard
577287afedc2cb388007fc7b.jpg,,0.0,
577284d2edc2cb3880ff16bb.jpg,327,2.0669,"background, flooring"
5772847bedc2cb3880fdee17.jpg,2191,4.9257,"background, door"
577283d1edc2cb3880fbe39c.jpg,1,0.5407,house
5772867dedc2cb38800449fc.jpg,,0.0,
577289e5edc2cb38800f30bf.jpg,2191,1.1991,"background, door"
577285caedc2cb3880023fd3.jpg,41,2.0794,desk
577284e7edc2cb3880ff36fa.jpg,41,0.3674,desk
57727f8cedc2cb3880ee2df2.jpg,,0.0,
57728436edc2cb3880fd2c9d.jpg,47,0.506,cabinet
57728287edc2cb3880f806b5.jpg,141,0.5753,background
577284e3edc2cb3880ff3020.jpg,,0.0,
5772856cedc2cb3880010522.jpg,,0.0,
57727e48edc2cb3880ea5e34.jpg,4060,1.7588,"background, food"
57728426edc2cb3880fd1329.jpg,1352,1.2269,"background, gravel"
577287aeedc2cb388007fab9.jpg,,0.0,
5991a373edc2c96e74e35d2a.jpg,6,0.6654,flooring
57727f4cedc2cb3880ed8b85.jpg,,0.0,
57728173edc2cb3880f46c1f.jpg,,0.0,
57728170edc2cb3880f467e9.jpg,43,0.409,snow
57727f76edc2cb3880ee0afb.jpg,,0.0,
57728401edc2cb3880fc8467.jpg,19,0.791,sidewalk
57727d69edc2cb3880e7bc20.jpg,141,0.6931,background
577285c0edc2cb3880022fab.jpg,41,0.61,desk
577287adedc2cb388007f917.jpg,416,0.9704,"background, fog"
577289a8edc2cb38800e790e.jpg,1352,2.1643,"background, curtain"
577271d3edc2cb3880c2e4cf.jpg,19,0.6931,sidewalk
57728703edc2cb3880060f39.jpg,,0.0,
57728609edc2cb388002ef99.jpg,,0.0,
577287dcedc2cb388008998a.jpg,,0.0,
57727cfaedc2cb3880e61524.jpg,141,1.7559,background
577287caedc2cb38800826ff.jpg,3081,1.7368,"background, banner"
577284a8edc2cb3880fe8257.jpg,520,0.6585,cardboard
57728336edc2cb3880fa18c5.jpg,658,1.9088,"food, grass, hill"
577271d9edc2cb3880c2ee76.jpg,327,4.5536,"background, ceiling"
5772866cedc2cb3880042f75.jpg,,0.0,
57728295edc2cb3880f81bb7.jpg,2191,2.7726,"background, door"
5772857eedc2cb3880012044.jpg,141,0.6931,background
577281f6edc2cb3880f6264b.jpg,4831,2.6196,"banner, pole"
57727f32edc2cb3880ed668a.jpg,,0.0,
57727f37edc2cb3880ed6a4b.jpg,,0.0,
57727ff0edc2cb3880ef70a3.jpg,,0.0,
5772891fedc2cb38800c9e91.jpg,3779,6.101,"background, desk, door"
57728323edc2cb3880f9fa0f.jpg,141,0.6862,background
57728468edc2cb3880fdd087.jpg,43,0.4783,snow
577285c7edc2cb3880023a69.jpg,4060,1.1298,"background, food"
5772838dedc2cb3880fb28fb.jpg,119,0.8789,bench
57727d70edc2cb3880e7c4d9.jpg,,0.0,
57728393edc2cb3880fb3188.jpg,20,1.3863,door
57728413edc2cb3880fca0c6.jpg,141,0.6931,background
5772840aedc2cb3880fc9341.jpg,4060,1.3655,"background, food"
57727dfcedc2cb3880e99559.jpg,,0.0,
57727fb8edc2cb3880eecadf.jpg,2191,1.7039,"background, branch"
5772836fedc2cb3880faa6fe.jpg,1,0.5268,hill
5772838eedc2cb3880fb2ab0.jpg,327,2.6478,"dirt, light, sand"
57727e12edc2cb3880e9b287.jpg,,0.0,
57728132edc2cb3880f3b5fa.jpg,141,1.7918,background
57728261edc2cb3880f7748f.jpg,1215,3.9305,"background, blanket, grass"
57727c76edc2cb3880e4a484.jpg,327,1.2338,"background, blanket"
57727202edc2cb3880c38c4c.jpg,141,3.476,background
57728715edc2cb3880062bde.jpg,141,0.402,background
5772883dedc2cb388009e29b.jpg,21,0.409,food
57728335edc2cb3880fa1775.jpg,1,0.3743,house
5772898cedc2cb38800df3fd.jpg,141,0.6862,background
577282baedc2cb3880f8a9d4.jpg,41,1.2338,desk
577284f5edc2cb3880ffa088.jpg,141,2.5393,background
57728192edc2cb3880f4f167.jpg,,0.0,
577285c7edc2cb3880023ae9.jpg,141,0.6931,background
57727f1aedc2cb3880ecec91.jpg,,0.0,
577280f1edc2cb3880f2ffae.jpg,,0.0,
57728047edc2cb3880f0a2e2.jpg,,0.0,
577275ccedc2cb3880cf618e.jpg,12,0.4367,grass
577286feedc2cb388006099a.jpg,,0.0,
57728221edc2cb3880f6bba1.jpg,19,0.6446,sidewalk
57728296edc2cb3880f81d49.jpg,41,0.6654,desk
57728a17edc2cb38800fd47d.jpg,141,0.6862,background
5772862bedc2cb38800378a1.jpg,141,0.6793,background
5772869aedc2cb388004cb6c.jpg,141,2.1093,background
5772863bedc2cb38800391ea.jpg,,0.0,
577287c8edc2cb388008244b.jpg,141,0.506,background
57727f90edc2cb3880ee3588.jpg,141,0.6931,background
5772839fedc2cb3880fb4537.jpg,,0.0,
57727ee7edc2cb3880ec5103.jpg,,0.0,
5772863bedc2cb38800391da.jpg,43,1.0437,snow
57726eacedc2cb3880b7f349.jpg,141,1.0876,background
577285c4edc2cb38800234ff.jpg,,0.0,
5772842cedc2cb3880fd1c07.jpg,92,1.0437,banner
5772846eedc2cb3880fdda85.jpg,,0.0,
577284f7edc2cb3880ffa440.jpg,,0.0,
577286a2edc2cb388004d78d.jpg,,0.0,
5772804dedc2cb3880f0acff.jpg,40,0.6862,gravel
577285f8edc2cb388002d598.jpg,,0.0,
57728363edc2cb3880fa9f86.jpg,3,0.6931,sand
57728372edc2cb3880faab56.jpg,416,2.4815,"background, road"
577287f5edc2cb388008c4d9.jpg,372,1.116,"curtain, house"
57727ffdedc2cb3880efd8d9.jpg,1215,2.4759,"background, grass, picture"
577287caedc2cb388008277f.jpg,3081,1.213,"background, snow"
577282b2edc2cb3880f89d67.jpg,,0.0,
577287dfedc2cb3880089ef8.jpg,1352,2.6686,"background, gravel"
57728393edc2cb3880fb3158.jpg,2191,3.1885,"background, door"
577285f8edc2cb388002d5d8.jpg,327,1.0467,"background, flooring"
577288f7edc2cb38800c0881.jpg,47,0.6931,cabinet
57728335edc2cb3880fa1735.jpg,22,0.769,dirt
59839e9cedc2c9658c2f54cb.jpg,43,0.4228,snow
57728284edc2cb3880f800e0.jpg,550,1.3205,"blanket, curtain"
57727f84edc2cb3880ee1ffc.jpg,2191,1.0397,"background, door"
577280c2edc2cb3880f261d5.jpg,,0.0,
577283ccedc2cb3880fbdb8e.jpg,63,0.4644,curtain
57727cd6edc2cb3880e5e48b.jpg,141,0.6446,background
57728221edc2cb3880f6bac9.jpg,,0.0,
57728170edc2cb3880f468cb.jpg,,0.0,
57727e48edc2cb3880ea5dea.jpg,141,0.6931,background
57728440edc2cb3880fd3c73.jpg,141,0.6724,background
57728290edc2cb3880f81539.jpg,141,0.3466,background
57727f8aedc2cb3880ee299e.jpg,,0.0,
5772869fedc2cb388004d2b7.jpg,41,1.8715,desk
577280c9edc2cb3880f26bf5.jpg,2,0.4713,bed
577280c3edc2cb3880f26359.jpg,327,2.5439,"background, flooring"
57727e01edc2cb3880e99cc7.jpg,141,3.0445,background
577280daedc2cb3880f286b9.jpg,,0.0,
57728171edc2cb3880f46a7d.jpg,,0.0,
5772842bedc2cb3880fd1b67.jpg,1,0.6377,fence
577280e5edc2cb3880f29684.jpg,,0.0,
5772843eedc2cb3880fd393b.jpg,,0.0,
577284d3edc2cb3880ff1834.jpg,1554,0.5753,refrigerator
5a4cf425edc2c900bcea7fc9.jpg,,0.0,
57728593edc2cb38800192d8.jpg,,0.0,
57727a3bedc2cb3880ddd492.jpg,4060,4.0772,"background, food"
577285c4edc2cb388002353f.jpg,,0.0,
57728107edc2cb3880f3212e.jpg,327,1.3031,"background, blanket"
57727a9eedc2cb3880df1d6b.jpg,294,1.7883,"background, dirt, hill"
5772831dedc2cb3880f9f127.jpg,41,0.6931,desk
5772816dedc2cb3880f463a7.jpg,,0.0,
57726f38edc2cb3880b9e77f.jpg,,0.0,
57727e24edc2cb3880e9d0f3.jpg,1352,4.0327,"background, curtain"
577283fdedc2cb3880fc7f1b.jpg,8,2.0654,light
57727bd5edc2cb3880e2c6b3.jpg,,0.0,
57727e00edc2cb3880e99b27.jpg,327,3.166,"background, blanket, sand"
5772873bedc2cb388006bc3d.jpg,0,0.6516,branch
5772779bedc2cb3880d4fdcf.jpg,,0.0,
57728536edc2cb3880005c0b.jpg,,0.0,
57728446edc2cb3880fd476d.jpg,6,1.4324,flooring
57727c2eedc2cb3880e39305.jpg,141,0.6931,background
577284e7edc2cb3880ff375a.jpg,,0.0,
57727bddedc2cb3880e2d1a5.jpg,141,0.6931,background
57727c96edc2cb3880e4d37c.jpg,294,2.9819,"background, cloud"
5772869dedc2cb388004d056.jpg,141,0.6931,background
57727781edc2cb3880d4e0d7.jpg,1,0.4852,house
5772883eedc2cb388009e3ff.jpg,,0.0,
5772869fedc2cb388004d387.jpg,141,1.3794,"background, bed"
5772841bedc2cb3880fcada3.jpg,141,0.6931,background
5772727bedc2cb3880c556b8.jpg,1352,3.8148,"background, curtain"
577284d2edc2cb3880ff161b.jpg,,0.0,
57727c9eedc2cb3880e51c71.jpg,141,2.0794,background
57727bc5edc2cb3880e25808.jpg,1725,1.3423,"banner, bush"
57728794edc2cb3880077e35.jpg,,0.0,
577286baedc2cb388004fb15.jpg,60,1.1368,"bush, dirt"
5772840bedc2cb3880fc93c1.jpg,327,1.3516,"background, blanket"
577285c0edc2cb3880022f5b.jpg,,0.0,
57727f1bedc2cb3880ecedb3.jpg,,0.0,
57728780edc2cb3880075e30.jpg,,0.0,
57728736edc2cb388006b3d6.jpg,,0.0,
57727785edc2cb3880d4e679.jpg,2191,6.1801,"background, door"
57727d9eedc2cb3880e85dd9.jpg,141,0.6724,background
57727fb8edc2cb3880eec9fd.jpg,,0.0,
577282beedc2cb3880f8af76.jpg,3735,2.9152,"cage, river, sand"
5772845bedc2cb3880fdb99f.jpg,,0.0,
577278d9edc2cb3880d9481e.jpg,,0.0,
5772839bedc2cb3880fb3e31.jpg,,0.0,
577287caedc2cb388008271f.jpg,3081,1.0882,"background, snow"
57728704edc2cb38800610d9.jpg,,0.0,
5a4cf41dedc2c900bcea5fc9.jpg,327,1.3239,"background, blanket"
57727680edc2cb3880d1d2d4.jpg,11,0.603,lake
577280ffedc2cb3880f313b5.jpg,,0.0,
57728702edc2cb3880060ee9.jpg,1,0.6811,fence
57727fa5edc2cb3880eeae48.jpg,6,0.6446,flooring
577288deedc2cb38800bdf0f.jpg,5,0.4852,sink
577286ceedc2cb3880056ebb.jpg,1,0.5545,hill
577285c7edc2cb3880023b59.jpg,4042,4.8341,"bridge, cage, dirt, sand"
57728250edc2cb3880f75c0d.jpg,,0.0,
577284aeedc2cb3880fe8ca7.jpg,141,2.4807,background
577277dcedc2cb3880d61295.jpg,2191,4.2327,"background, door"
57728061edc2cb3880f11f52.jpg,,0.0,
5772825bedc2cb3880f76aac.jpg,,0.0,
577287afedc2cb388007fc3b.jpg,,0.0,
57728172edc2cb3880f46b3d.jpg,63,1.3308,curtain
57728707edc2cb3880061571.jpg,,0.0,
577284f7edc2cb3880ffa3e0.jpg,,0.0,
57727efbedc2cb3880ecc2b2.jpg,,0.0,
57727f3eedc2cb3880ed755b.jpg,183,0.603,pole
5772877fedc2cb3880075c10.jpg,,0.0,
577283ceedc2cb3880fbded4.jpg,,0.0,
577287cdedc2cb3880082d19.jpg,,0.0,
57727f4bedc2cb3880ed8a60.jpg,,0.0,
57727e94edc2cb3880eb7d3d.jpg,141,1.9265,background
5772878bedc2cb3880077017.jpg,,0.0,
5772869aedc2cb388004cb5c.jpg,1352,4.1627,"background, toilet"
57727fb2edc2cb3880eec163.jpg,63,0.791,curtain
57728985edc2cb38800de906.jpg,,0.0,
57727680edc2cb3880d1d244.jpg,,0.0,
57727553edc2cb3880ce0720.jpg,141,1.6094,background
57727ba2edc2cb3880e2224b.jpg,141,0.6931,background
57728446edc2cb3880fd472d.jpg,,0.0,
5772831dedc2cb3880f9f177.jpg,8,0.6724,field
57726e4bedc2cb3880b69fd3.jpg,41,0.9009,desk
57728290edc2cb3880f81599.jpg,,0.0,
577283cbedc2cb3880fbda39.jpg,141,1.2061,background
577286feedc2cb38800609ea.jpg,,0.0,
57727e88edc2cb3880eb168a.jpg,,0.0,
57727d5eedc2cb3880e754f8.jpg,141,0.6585,background
577283e1edc2cb3880fbfdfe.jpg,141,2.0379,background
57728172edc2cb3880f46b6d.jpg,,0.0,
57728712edc2cb3880062852.jpg,,0.0,
5772843fedc2cb3880fd3b4f.jpg,,0.0,
577283cdedc2cb3880fbdd42.jpg,141,1.3447,background
57726fb1edc2cb3880bb430d.jpg,2353,1.5804,"blanket, bridge, gravel"
5772798fedc2cb3880dbc680.jpg,1554,0.6862,refrigerator
57727558edc2cb3880ce09d0.jpg,141,0.6931,background
577287bbedc2cb3880080eb8.jpg,141,0.603,background
577282c4edc2cb3880f8b875.jpg,,0.0,
57728060edc2cb3880f11d6e.jpg,,0.0,
57728479edc2cb3880fdea33.jpg,11,0.3951,lake
5772845aedc2cb3880fdb80f.jpg,6,0.409,flooring
57728a80edc2cb3880112321.jpg,1352,1.2407,"background, toilet"
57727a6eedc2cb3880de788b.jpg,141,1.0986,background
577287b6edc2cb3880080850.jpg,11,0.6724,lake
5772820bedc2cb3880f6485c.jpg,,0.0,
577289e0edc2cb38800f2894.jpg,327,0.7971,"background, blanket"
57727f1aedc2cb3880ecec81.jpg,11,1.0766,lake
577283ddedc2cb3880fbf736.jpg,,0.0,
5772869aedc2cb388004cc10.jpg,327,0.8595,"background, flooring"
5772816eedc2cb3880f464b9.jpg,,0.0,
57728759edc2cb388006da9a.jpg,,0.0,
5772831aedc2cb3880f9eb2d.jpg,,0.0,
57728593edc2cb38800191c6.jpg,294,0.7694,"background, house"
577283d0edc2cb3880fbe34c.jpg,,0.0,
57726e26edc2cb3880b60d45.jpg,1,0.4852,house
577283c5edc2cb3880fbd079.jpg,1554,0.402,refrigerator
5772845cedc2cb3880fdbb41.jpg,141,1.2876,background
58b1ad68edc2c937ccb8e048.jpg,141,0.6931,background
57727a3eedc2cb3880ddd8a2.jpg,1554,2.915,refrigerator
57728444edc2cb3880fd4447.jpg,,0.0,
57727f8aedc2cb3880ee29ee.jpg,2,0.402,bed
57727f32edc2cb3880ed66df.jpg,20,0.6793,door
57727d75edc2cb3880e7cd2e.jpg,3310,3.5005,"background, door, floor"
57728266edc2cb3880f77c0d.jpg,294,1.6774,"background, dirt, house"
57727c70edc2cb3880e49c6a.jpg,4060,1.7588,"background, food"
57727f74edc2cb3880ee0725.jpg,,0.0,
5899f083edc2c97aac9f967d.jpg,1352,1.3863,"background, gravel"
57728417edc2cb3880fca8b7.jpg,,0.0,
57728599edc2cb3880019c49.jpg,1,1.012,house
57726edcedc2cb3880b89f02.jpg,41,0.5753,desk
5772849eedc2cb3880fe72ab.jpg,,0.0,
57728593edc2cb38800191a6.jpg,,0.0,
5772877cedc2cb3880075727.jpg,141,1.3724,background
577284cfedc2cb3880ff12b5.jpg,,0.0,
57727f42edc2cb3880ed7bbf.jpg,,0.0,
577281feedc2cb3880f634bc.jpg,,0.0,
57728723edc2cb3880064316.jpg,,0.0,
577282a1edc2cb3880f82e48.jpg,853,1.6941,"background, lake"
57727e48edc2cb3880ea5dfe.jpg,141,0.6931,background
577280d9edc2cb3880f284c2.jpg,,0.0,
57728415edc2cb3880fca475.jpg,416,1.3516,"background, road"
5772805eedc2cb3880f11b3e.jpg,,0.0,
57727f7cedc2cb3880ee145f.jpg,,0.0,
57727b72edc2cb3880e18a72.jpg,20,1.0547,door
59ae5738edc2c9cdd872b945.jpg,1352,2.2184,"background, desk, hill"
577281c7edc2cb3880f597ca.jpg,141,3.331,background
57728268edc2cb3880f77f7d.jpg,853,1.1437,"background, grass"
577283d6edc2cb3880fbec6a.jpg,,0.0,
57727f4aedc2cb3880ed8966.jpg,,0.0,
57728592edc2cb3880019024.jpg,,0.0,
577287cdedc2cb3880082d89.jpg,327,2.4572,"background, blanket"
5772864aedc2cb388003a859.jpg,,0.0,
577286dcedc2cb3880057fb7.jpg,,0.0,
57727c2dedc2cb3880e392a5.jpg,141,1.0986,background
57728426edc2cb3880fd1309.jpg,,0.0,
577276e4edc2cb3880d31345.jpg,41,3.2255,desk
57727f75edc2cb3880ee0917.jpg,41,0.6931,desk
57728703edc2cb3880061039.jpg,,0.0,
577283fcedc2cb3880fc7d6b.jpg,19,0.5129,pavement
57728255edc2cb3880f7644a.jpg,,0.0,
577280f1edc2cb3880f2ffce.jpg,11,1.4324,lake
57727accedc2cb3880dfb4b9.jpg,1352,2.6677,"background, hill, road"
57727f32edc2cb3880ed66bf.jpg,,0.0,
57728668edc2cb38800428d4.jpg,327,2.0032,"background, river"
57728046edc2cb3880f0a068.jpg,,0.0,
577270e8edc2cb3880bfa375.jpg,141,0.6169,background
57727f3aedc2cb3880ed6f22.jpg,11,1.4485,lake
577286a6edc2cb388004def4.jpg,,0.0,
577286a1edc2cb388004d71d.jpg,,0.0,
57727634edc2cb3880d0b127.jpg,,0.0,
57728591edc2cb3880018fd4.jpg,,0.0,
5772831cedc2cb3880f9ef23.jpg,141,0.6793,background
577287cbedc2cb388008291f.jpg,,0.0,
59c4b298edc2c9a67c79b7fa.jpg,141,0.6862,background
57727f0cedc2cb3880ecdadd.jpg,,0.0,
57728500edc2cb3880ffb33c.jpg,,0.0,
57727f2dedc2cb3880ed5f69.jpg,0,0.506,window
57727f50edc2cb3880ed8d9c.jpg,294,1.3586,"background, house"
57726e85edc2cb3880b75732.jpg,,0.0,
57728723edc2cb3880064346.jpg,,0.0,
577283aeedc2cb3880fb5b76.jpg,,0.0,
577287caedc2cb38800827bf.jpg,327,3.1538,"background, bed, blanket, flooring"
5772721cedc2cb3880c41171.jpg,,0.0,
5772871cedc2cb3880063874.jpg,,0.0,
577281fdedc2cb3880f63242.jpg,,0.0,
57728400edc2cb3880fc82a1.jpg,,0.0,
577281bfedc2cb3880f58afa.jpg,141,1.0876,background
57728079edc2cb3880f146cb.jpg,,0.0,
577286b3edc2cb388004f11a.jpg,20,1.7559,door
57728106edc2cb3880f31e7c.jpg,,0.0,
577277e1edc2cb3880d61b82.jpg,327,4.0247,"background, blanket, dirt"
57727efaedc2cb3880ecc088.jpg,,0.0,
577284a2edc2cb3880fe78d5.jpg,,0.0,
5772840eedc2cb3880fc99ba.jpg,,0.0,
5772845aedc2cb3880fdb6dd.jpg,,0.0,
577288ddedc2cb38800bddbd.jpg,,0.0,
57727d9eedc2cb3880e85d7d.jpg,141,0.6862,background
5772862aedc2cb38800377b1.jpg,,0.0,
57727da5edc2cb3880e86898.jpg,141,0.6862,background
57728444edc2cb3880fd4437.jpg,,0.0,
577272f1edc2cb3880c6c9fd.jpg,327,3.7105,"background, blanket"
5772813dedc2cb3880f3c8b3.jpg,,0.0,
5772829fedc2cb3880f82c16.jpg,1554,0.4298,refrigerator
577283a9edc2cb3880fb5459.jpg,,0.0,
577281f0edc2cb3880f61d91.jpg,141,0.6654,background
57727fecedc2cb3880ef6ac7.jpg,,0.0,
5772849bedc2cb3880fe6dd3.jpg,221,0.3951,fog
57727402edc2cb3880ca64d4.jpg,,0.0,
5772831fedc2cb3880f9f419.jpg,,0.0,
5772701aedc2cb3880bcf1df.jpg,1554,0.6931,refrigerator
57728712edc2cb3880062752.jpg,,0.0,
577286c8edc2cb3880056546.jpg,141,0.6862,background
577276b9edc2cb3880d27bba.jpg,1352,0.8041,"curtain, desk"
577277bbedc2cb3880d587d3.jpg,,0.0,
5772831dedc2cb3880f9f0f5.jpg,,0.0,
5772798eedc2cb3880dbc5f8.jpg,141,1.6094,background
57726e1fedc2cb3880b5ffb7.jpg,1352,1.1991,"background, gravel"
57728661edc2cb3880042051.jpg,,0.0,
5772843bedc2cb3880fd337d.jpg,6,0.6238,flooring
57728046edc2cb3880f0a043.jpg,,0.0,
57727fbbedc2cb3880eecfc5.jpg,1352,1.9755,"background, flooring, lake"
57728108edc2cb3880f321ce.jpg,141,0.6862,background
57727fdbedc2cb3880ef4f5c.jpg,327,1.9339,"background, bed, hill"
577285c9edc2cb3880023e0f.jpg,,0.0,
57727016edc2cb3880bceb88.jpg,3310,5.5421,"background, door, road"
577287dbedc2cb3880089898.jpg,,0.0,
577284a3edc2cb3880fe7a87.jpg,520,0.6654,cardboard
577287acedc2cb388007f7a5.jpg,92,0.6793,banner
57727f73edc2cb3880ee0603.jpg,15,0.4921,wall
57727f04edc2cb3880ecceea.jpg,,0.0,
57728290edc2cb3880f81529.jpg,1,0.6169,house
5772809aedc2cb3880f1cb27.jpg,,0.0,
57727d5eedc2cb3880e755c8.jpg,141,0.6931,background
577287e7edc2cb388008ac3f.jpg,,0.0,
577285c9edc2cb3880023e2f.jpg,141,0.4298,background
577282ecedc2cb3880f94b68.jpg,297,1.1437,"flooring, grass"
577287e5edc2cb388008aa07.jpg,141,0.6372,background
57727637edc2cb3880d0b6b2.jpg,294,1.2754,"background, house"
57728949edc2cb38800d378a.jpg,141,0.5614,background
577287e7edc2cb388008ac2f.jpg,,0.0,
57727fa1edc2cb3880eea74c.jpg,1,0.5961,house
57727fa7edc2cb3880eeb280.jpg,,0.0,
577289e5edc2cb38800f313f.jpg,2,0.6931,bed
577284e8edc2cb3880ff38fc.jpg,4111,2.1314,"blanket, cage, hill"
57727cf9edc2cb3880e6140e.jpg,327,2.9811,"background, blanket"
5772797dedc2cb3880db565a.jpg,4111,4.2157,"blanket, cage, road"
57728325edc2cb3880f9fe27.jpg,1215,4.6368,"background, blanket, grass"
57728478edc2cb3880fde8f3.jpg,,0.0,
5772849bedc2cb3880fe6d93.jpg,,0.0,
57727d74edc2cb3880e7cb96.jpg,141,1.5933,background
57728477edc2cb3880fde76f.jpg,1,0.6724,house
577280c1edc2cb3880f26075.jpg,,0.0,
577278d3edc2cb3880d93f56.jpg,1,0.5268,house
5772877fedc2cb3880075b90.jpg,50,0.6862,cage
5772838eedc2cb3880fb29de.jpg,1,0.824,fence
57728661edc2cb38800420b1.jpg,,0.0,
57727f77edc2cb3880ee0b8b.jpg,,0.0,
5772831aedc2cb3880f9ec2f.jpg,,0.0,
5772845aedc2cb3880fdb74d.jpg,853,1.9824,"background, grass"
57727f8cedc2cb3880ee2e12.jpg,,0.0,
577286cdedc2cb3880056d93.jpg,,0.0,
577282c4edc2cb3880f8b9a9.jpg,,0.0,
5772881aedc2cb3880095439.jpg,,0.0,
57728500edc2cb3880ffb34c.jpg,,0.0,
57728268edc2cb3880f77f6d.jpg,294,1.1645,"background, cloud"
57727e24edc2cb3880e9d087.jpg,853,3.3188,"background, grass"
577283e1edc2cb3880fbfdbe.jpg,41,0.4575,desk
577286e4edc2cb3880058c40.jpg,,0.0,
57728069edc2cb3880f12bc5.jpg,141,1.6094,background
57728172edc2cb3880f46baf.jpg,,0.0,
577283aeedc2cb3880fb5ba6.jpg,12,0.6585,grass
57727e15edc2cb3880e9b839.jpg,,0.0,
57727fb3edc2cb3880eec385.jpg,,0.0,
5772839bedc2cb3880fb3e61.jpg,,0.0,
577287ceedc2cb3880082e4b.jpg,327,3.9232,"background, blanket, flooring"
57728592edc2cb3880019004.jpg,,0.0,
57727d4fedc2cb3880e73e5c.jpg,2191,3.9711,"background, door"
57726e4eedc2cb3880b6a523.jpg,294,1.4674,"background, dirt"
57727fb8edc2cb3880eecaef.jpg,,0.0,
57728047edc2cb3880f0a302.jpg,183,0.4991,pole
57728742edc2cb388006c658.jpg,,0.0,
577280c2edc2cb3880f261a5.jpg,41,0.6308,desk
57727f4bedc2cb3880ed8ad2.jpg,,0.0,
5772820bedc2cb3880f648f2.jpg,1352,4.5244,"background, toilet"
5772864fedc2cb388003af25.jpg,20,0.6862,door
57728723edc2cb3880064336.jpg,,0.0,
577287deedc2cb3880089df6.jpg,40,0.5961,gravel
57728366edc2cb3880faa056.jpg,,0.0,
57728045edc2cb3880f09f7f.jpg,,0.0,
57727f03edc2cb3880eccea5.jpg,141,0.6931,background
5772831aedc2cb3880f9ebff.jpg,1352,1.6636,"background, desk"
57728591edc2cb3880018fb4.jpg,,0.0,
5772816eedc2cb3880f46427.jpg,,0.0,
577278c0edc2cb3880d8cd0a.jpg,1352,3.6376,"background, curtain"
57727e25edc2cb3880e9d213.jpg,853,4.1431,"background, grass"
577288e3edc2cb38800be6c2.jpg,141,0.4159,background
577283cfedc2cb3880fbe0a8.jpg,141,0.6793,background
57728731edc2cb388006ac7e.jpg,,0.0,
57728030edc2cb3880f07e00.jpg,,0.0,
57727fa4edc2cb3880eead26.jpg,,0.0,
57726f2fedc2cb3880b9d97c.jpg,327,2.3561,"background, blanket"
57727ee7edc2cb3880ec4fe8.jpg,141,2.3979,background
5772849eedc2cb3880fe730d.jpg,,0.0,
57728036edc2cb3880f086ed.jpg,,0.0,
57727f3fedc2cb3880ed76db.jpg,,0.0,
57727fa9edc2cb3880eeb5c6.jpg,141,0.6169,background
57728428edc2cb3880fd162f.jpg,,0.0,
57728742edc2cb388006c668.jpg,,0.0,
57727f1cedc2cb3880ecefd3.jpg,,0.0,
5772871cedc2cb3880063814.jpg,,0.0,
5772849bedc2cb3880fe6e33.jpg,,0.0,
57727fa0edc2cb3880eea5ba.jpg,18,0.6793,river
577284d1edc2cb3880ff15db.jpg,11,1.1645,lake
577280e0edc2cb3880f28f58.jpg,40,3.5198,gravel
57727c88edc2cb3880e4bed5.jpg,141,0.61,background
57728503edc2cb3880ffb806.jpg,141,0.6931,background
57728298edc2cb3880f82115.jpg,141,1.3863,background
57726e7cedc2cb3880b7470a.jpg,141,2.65,background
57726eeaedc2cb3880b8b54b.jpg,141,0.791,background
577284fbedc2cb3880ffab14.jpg,354,0.4436,sofa
57728662edc2cb3880042161.jpg,,0.0,
57728061edc2cb3880f11f72.jpg,973,0.9843,"carpet, dirt"
5772823cedc2cb3880f6e88f.jpg,8,0.5892,light
577287e9edc2cb388008b0d7.jpg,141,1.5933,background
57727f0fedc2cb3880ece00a.jpg,,0.0,
57726f48edc2cb3880ba012f.jpg,141,2.7081,background
577288d3edc2cb38800bcc16.jpg,8,3.1223,light
57727ce5edc2cb3880e5fb4f.jpg,141,0.6931,background
57728904edc2cb38800c71a4.jpg,,0.0,
577287ceedc2cb3880082ecd.jpg,141,1.3863,background
577286f0edc2cb388005a031.jpg,141,0.6793,background
57728741edc2cb388006c5a6.jpg,30,0.6931,flower
577284f5edc2cb3880ffa0e8.jpg,853,1.7028,"grass, lake"
57727ffeedc2cb3880efda49.jpg,289,2.3271,"desk, door"
57727fbcedc2cb3880eed207.jpg,141,1.7022,background
57728720edc2cb3880063e00.jpg,,0.0,
5772823eedc2cb3880f6eab3.jpg,141,0.6931,background
57728286edc2cb3880f8042b.jpg,,0.0,
57727bc6edc2cb3880e2587e.jpg,3081,1.0952,"background, banner"
57727f0cedc2cb3880ecdb83.jpg,,0.0,
57728943edc2cb38800d2c83.jpg,1377,2.7707,"banner, gravel"
577282b3edc2cb3880f89e19.jpg,,0.0,
577286d6edc2cb3880057706.jpg,,0.0,
577281a6edc2cb3880f51161.jpg,11,0.3674,lake
5772871cedc2cb3880063834.jpg,,0.0,
57727f3bedc2cb3880ed7008.jpg,,0.0,
577286efedc2cb3880059e3d.jpg,141,0.6931,background
57727fabedc2cb3880eeb80a.jpg,,0.0,
57728334edc2cb3880fa15c3.jpg,,0.0,
577287cdedc2cb3880082cf7.jpg,1554,0.791,refrigerator
57727f6fedc2cb3880ee021a.jpg,,0.0,
577287f4edc2cb388008c449.jpg,,0.0,
57728715edc2cb3880062c0e.jpg,,0.0,
57728496edc2cb3880fe6a9c.jpg,,0.0,
57727c92edc2cb3880e4cd78.jpg,2191,3.2958,"background, door"
577286c8edc2cb3880056588.jpg,,0.0,
57726e82edc2cb3880b750a4.jpg,41,1.6305,desk
57728235edc2cb3880f6dced.jpg,141,1.0986,background
57726e4eedc2cb3880b6a503.jpg,12,0.6793,grass
577284a7edc2cb3880fe81c7.jpg,,0.0,
57728067edc2cb3880f1288d.jpg,16,0.4852,bridge
5772839fedc2cb3880fb43f5.jpg,,0.0,
5772845cedc2cb3880fdbb71.jpg,478,1.2546,"desk, fence"
577287daedc2cb3880089637.jpg,4095,1.4348,"background, cage, water"
57728781edc2cb3880075ea0.jpg,,0.0,
57727a6dedc2cb3880de7665.jpg,41,0.402,desk
57728329edc2cb3880fa0453.jpg,43,0.9338,snow
57727cddedc2cb3880e5ee3a.jpg,141,1.0986,background
5772831cedc2cb3880f9efe3.jpg,416,3.2031,"background, house, road"
5772765fedc2cb3880d14bb1.jpg,4060,3.2989,"background, food"
5772845aedc2cb3880fdb7bd.jpg,,0.0,
57728295edc2cb3880f81cd7.jpg,11,2.1533,lake
577287caedc2cb388008280f.jpg,40,0.6516,gravel
57728287edc2cb3880f80695.jpg,,0.0,
5772816eedc2cb3880f46457.jpg,40,0.3951,gravel
57728136edc2cb3880f3bc05.jpg,141,2.3026,background
57727f4dedc2cb3880ed8bb5.jpg,,0.0,
577285e7edc2cb388002684d.jpg,41,0.5614,desk
57727f73edc2cb3880ee0623.jpg,,0.0,
5772823eedc2cb3880f6eb75.jpg,853,1.0674,"background, grass"
5772863fedc2cb3880039742.jpg,1352,1.7363,"background, toilet"
57727d5fedc2cb3880e75708.jpg,294,1.2269,"background, hill"
577286abedc2cb388004e59c.jpg,2191,3.8879,"background, door"
5772845cedc2cb3880fdbb21.jpg,21,0.4436,food
57728661edc2cb38800420a1.jpg,,0.0,
57728084edc2cb3880f15729.jpg,,0.0,
57728661edc2cb3880041fa1.jpg,30,1.0189,"grass, water"
5772850dedc2cb3880ffc6bd.jpg,,0.0,
57727550edc2cb3880ce0570.jpg,,0.0,
577284abedc2cb3880fe87e1.jpg,141,0.6862,background
57727f6bedc2cb3880ee0080.jpg,,0.0,
57728006edc2cb3880efe5c1.jpg,,0.0,
577288deedc2cb38800bde9f.jpg,,0.0,
57728069edc2cb3880f12c05.jpg,16,1.8875,bridge
57728574edc2cb3880011092.jpg,,0.0,
57728459edc2cb3880fdb66d.jpg,1554,0.5199,refrigerator
577288ddedc2cb38800bdddd.jpg,,0.0,
57727fabedc2cb3880eeb82a.jpg,,0.0,
57727f1fedc2cb3880ecf3fb.jpg,,0.0,
577287acedc2cb388007f855.jpg,11,1.7738,lake
57728661edc2cb3880041fc1.jpg,,0.0,
577288f1edc2cb38800bff1f.jpg,,0.0,
577286dcedc2cb3880058027.jpg,41,0.3674,desk
577280e3edc2cb3880f293e8.jpg,,0.0,
57728230edc2cb3880f6d3ef.jpg,,0.0,
57728044edc2cb3880f09d9d.jpg,,0.0,
577283d1edc2cb3880fbe38c.jpg,,0.0,
5772849aedc2cb3880fe6c81.jpg,,0.0,
577288f6edc2cb38800c0721.jpg,,0.0,
57728364edc2cb3880faa016.jpg,18,0.3882,river
577283ddedc2cb3880fbf7c6.jpg,,0.0,
577285e4edc2cb388002632f.jpg,1106,1.3447,"background, cage"
57728742edc2cb388006c6a8.jpg,141,1.3724,background
57726fabedc2cb3880bb395d.jpg,3081,1.3031,"background, snow"
577280fcedc2cb3880f30f81.jpg,297,2.0309,"dirt, gravel"
577288c5edc2cb38800b622b.jpg,,0.0,
5864c292edc2c98d6c50bd1e.jpg,1554,0.5961,refrigerator
57728363edc2cb3880fa9f44.jpg,,0.0,
57728723edc2cb3880064356.jpg,,0.0,
5772807bedc2cb3880f1490b.jpg,1839,0.8041,"blanket, lake"
5772849eedc2cb3880fe723b.jpg,1,0.6516,hill
577278dbedc2cb3880d949ce.jpg,20,1.3863,door
577287ddedc2cb3880089ca2.jpg,,0.0,
5772752fedc2cb3880cd9ffa.jpg,,0.0,
58f4bc53edc2c9a1b051d2fa.jpg,141,0.9668,background
5772844fedc2cb3880fd5167.jpg,,0.0,
5772840aedc2cb3880fc9321.jpg,141,1.3863,background
57728716edc2cb3880062e12.jpg,,0.0,
577283f7edc2cb3880fc748b.jpg,,0.0,
57727bd5edc2cb3880e2c5b4.jpg,,0.0,
57728742edc2cb388006c6c8.jpg,,0.0,
577283ddedc2cb3880fbf796.jpg,,0.0,
5772877dedc2cb3880075934.jpg,141,1.0986,background
57728571edc2cb3880010cd2.jpg,,0.0,
577284ceedc2cb3880ff1001.jpg,,0.0,
57727ee7edc2cb3880ec4f8e.jpg,141,2.5599,background
577287baedc2cb3880080d98.jpg,2,0.6516,bed
57728738edc2cb388006b7fe.jpg,,0.0,
577286ceedc2cb3880056edb.jpg,40,0.5407,gravel
577284a3edc2cb3880fe7b33.jpg,21,0.4298,food
5772807bedc2cb3880f1488b.jpg,,0.0,
57728051edc2cb3880f0b278.jpg,3550,1.9885,"cardboard, gravel"
577287dbedc2cb3880089878.jpg,,0.0,
577284a4edc2cb3880fe7d65.jpg,92,0.3674,banner
577281efedc2cb3880f61b8f.jpg,,0.0,
57727febedc2cb3880ef6905.jpg,,0.0,
57728628edc2cb388003750f.jpg,,0.0,
57728045edc2cb3880f09ebd.jpg,,0.0,
57728445edc2cb3880fd4487.jpg,,0.0,
577283a3edc2cb3880fb4b4d.jpg,,0.0,
57727fededc2cb3880ef6ba7.jpg,,0.0,
577281c8edc2cb3880f5989c.jpg,294,1.0882,"background, field"
57728014edc2cb3880effdb3.jpg,141,0.3604,background
57727d4fedc2cb3880e73d6c.jpg,141,1.6094,background
57727f3aedc2cb3880ed6f12.jpg,221,0.6446,fog
57728014edc2cb3880effeb3.jpg,954,2.2957,"background, mountain"
577287acedc2cb388007f865.jpg,,0.0,
577284a1edc2cb3880fe7865.jpg,11,0.4575,lake
57728532edc2cb3880005595.jpg,11,0.6862,lake
57728639edc2cb3880038e56.jpg,141,0.6862,background
5772779bedc2cb3880d4fd9d.jpg,1352,0.9912,"background, curtain"
57727f8cedc2cb3880ee2db2.jpg,,0.0,
577284a5edc2cb3880fe7f05.jpg,1,0.5822,house
57727e25edc2cb3880e9d1b9.jpg,,0.0,
577284ceedc2cb3880ff1041.jpg,,0.0,
577288c5edc2cb38800b61b9.jpg,,0.0,
577281fdedc2cb3880f63222.jpg,,0.0,
577272dcedc2cb3880c6a79b.jpg,872,1.0744,"hill, pole"
5772831dedc2cb3880f9f0c5.jpg,11,0.9338,lake
577287e6edc2cb388008aa89.jpg,63,0.6862,curtain
57728661edc2cb3880042081.jpg,,0.0,
577285e7edc2cb388002683d.jpg,21,0.6238,food
57728290edc2cb3880f81549.jpg,,0.0,
57728847edc2cb388009f151.jpg,,0.0,
577281f9edc2cb3880f62b05.jpg,12,0.6724,grass
57727bdaedc2cb3880e2ccda.jpg,,0.0,
57728061edc2cb3880f11f32.jpg,43,0.5753,snow
57727fbfedc2cb3880eed694.jpg,294,1.5596,"background, house"
57728737edc2cb388006b6da.jpg,,0.0,
577280dbedc2cb3880f286d9.jpg,,0.0,
57728437edc2cb3880fd2cbf.jpg,111,0.9912,"blanket, wall"
57728366edc2cb3880faa178.jpg,,0.0,
57728291edc2cb3880f815f9.jpg,,0.0,
577283dfedc2cb3880fbfab6.jpg,,0.0,
57728288edc2cb3880f80811.jpg,,0.0,
577287adedc2cb388007f8e5.jpg,6,1.8097,flooring
5772844bedc2cb3880fd4bd1.jpg,,0.0,
57728703edc2cb3880060f89.jpg,16,1.3031,bridge
57728682edc2cb38800452df.jpg,,0.0,
57727f7cedc2cb3880ee13cc.jpg,,0.0,
57727fa3edc2cb3880eeabc4.jpg,,0.0,
57728280edc2cb3880f7fa72.jpg,1352,2.0282,"background, desk"
57728715edc2cb3880062bbe.jpg,11,0.506,lake
57727fe9edc2cb3880ef656e.jpg,,0.0,
5772809bedc2cb3880f1cd20.jpg,41,0.6169,desk
577280c5edc2cb3880f26657.jpg,,0.0,
577284a2edc2cb3880fe7a17.jpg,,0.0,
5772881aedc2cb3880095529.jpg,11,0.9997,lake
577287daedc2cb3880089657.jpg,40,1.4646,gravel
57727f6fedc2cb3880ee02ec.jpg,1,0.5545,hill
577287baedc2cb3880080d18.jpg,,0.0,
5772843eedc2cb3880fd391b.jpg,6,0.3951,floor
5772820bedc2cb3880f648d2.jpg,294,3.7377,"background, hill"
577283ddedc2cb3880fbf716.jpg,,0.0,
5772839bedc2cb3880fb3df1.jpg,,0.0,
57728329edc2cb3880fa0441.jpg,3550,1.109,"cardboard, gravel"
577284d2edc2cb3880ff164b.jpg,11,0.758,lake
57728043edc2cb3880f09b9b.jpg,,0.0,
57728535edc2cb38800059d9.jpg,,0.0,
57728061edc2cb3880f11eb2.jpg,,0.0,
57728287edc2cb3880f80685.jpg,92,1.0876,banner
577288ddedc2cb38800bde1d.jpg,,0.0,
577284ffedc2cb3880ffb21c.jpg,853,1.8022,"grass, lake"
57727f07edc2cb3880ecd41a.jpg,,0.0,
57728015edc2cb3880effef3.jpg,,0.0,
577285b4edc2cb388001c741.jpg,41,1.0547,desk
5772849fedc2cb3880fe73ad.jpg,,0.0,
57728269edc2cb3880f78144.jpg,20,0.603,bush
57728327edc2cb3880fa010d.jpg,,0.0,
57728509edc2cb3880ffc0f5.jpg,,0.0,
577287e7edc2cb388008acab.jpg,63,0.3535,curtain
5772849eedc2cb3880fe722b.jpg,92,0.6862,banner
57728711edc2cb38800626d2.jpg,,0.0,
57727f77edc2cb3880ee0b6b.jpg,,0.0,
57727f7aedc2cb3880ee1191.jpg,,0.0,
57728751edc2cb388006d40d.jpg,,0.0,
57727291edc2cb3880c57a96.jpg,,0.0,
57727f04edc2cb3880eccefa.jpg,,0.0,
577284ccedc2cb3880ff0deb.jpg,,0.0,
577285caedc2cb3880023ed1.jpg,12,0.5961,grass
57727efaedc2cb3880ecc09e.jpg,43,1.4665,"light, snow"
577284a5edc2cb3880fe7e45.jpg,,0.0,
57728736edc2cb388006b4e8.jpg,,0.0,
57727f04edc2cb3880ecceba.jpg,,0.0,
5772842cedc2cb3880fd1c87.jpg,,0.0,
57727f73edc2cb3880ee05c1.jpg,,0.0,
57727f77edc2cb3880ee0c1b.jpg,,0.0,
57727f88edc2cb3880ee2668.jpg,,0.0,
577284a5edc2cb3880fe7de5.jpg,,0.0,
57728363edc2cb3880fa9f24.jpg,,0.0,
57727f0bedc2cb3880ecd954.jpg,,0.0,
57727681edc2cb3880d1d444.jpg,,0.0,
5772859bedc2cb3880019eab.jpg,50,0.3535,carpet
57728432edc2cb3880fd2615.jpg,,0.0,
577288ebedc2cb38800bf3fd.jpg,15,0.5268,picture
57727fa8edc2cb3880eeb2f0.jpg,,0.0,
5772849eedc2cb3880fe732d.jpg,,0.0,
57728360edc2cb3880fa9b6c.jpg,1,0.6654,hill
57728497edc2cb3880fe6c31.jpg,,0.0,
577287b1edc2cb388007ffed.jpg,,0.0,
57727fe2edc2cb3880ef5ab8.jpg,,0.0,
57728704edc2cb38800610e9.jpg,43,2.3739,snow
57728742edc2cb388006c6f8.jpg,,0.0,
577284b1edc2cb3880fe913d.jpg,957,2.5466,"food, gravel"
577287aeedc2cb388007faf9.jpg,,0.0,
